legoRef,type,name,canonicalName,condition,location,disposition,isBuild,isBuildWOFigs,isCrack,costPrice,displayPrice,sellPrice,valueLow,valueHigh,upcomingPrice,notes,srcRow,flags
4501,SET,Mos Eisley Cantina Blue Box,Mos Eisley Cantina Blue Box,USED,STORE,FOR_SALE,false,false,false,104.99,379.99,,250,400,,,2,name-variants
4501,SET,Mos Eisley Cantina Trilogy Box,Mos Eisley Cantina Blue Box,USED,STORE,FOR_SALE,false,false,false,135.46,349.99,,250,350,,,3,name-variants
6212,SET,X-Wing Fighter,X-Wing Fighter,USED,STORE,SOLD,false,false,false,64,139.99,115,100,150,,,4,
6212,SET,X-Wing Fighter,X-Wing Fighter,USED,STORE,FOR_SALE,false,false,false,103.38,149.99,,100,150,,,5,
6964,SET,Bob Fett's Slave 1 (Micro),Bob Fett's Slave 1 (Micro),USED,STORE,FOR_SALE,true,false,false,,,,,,,,6,cost-unknown
7140,SET,X-Wing Fighter,X-Wing Fighter,USED,STORE,LAYAWAY,false,false,false,75,344.99,,165,350,,Only 4 for sale,7,
7660,SET,Naboo N-1 Starfighter w/ Vulture Droid,Naboo N-1 Starfighter w/ Vulture Droid,USED,STORE,FOR_SALE,false,false,false,40,199.99,,150,200,,,8,
7676,SET,Republic Attack Gunship,Republic Attack Gunship,USED,UNKNOWN,FOR_SALE,false,false,false,,550,,,,,"Commander Cody. Has 1 listed | in inventory, but not in cost. $550-900",9,cost-unknown;garbled-pdf-row
7914,SET,Mandalorian Battle Pack,Mandalorian Battle Pack,USED,STORE,LAYAWAY,false,false,false,15.5,79.99,,50,80,,,10,
7962,SET,Anakin Skywalker and Sebulba's Podracers,Anakin Skywalker and Sebulba's Podracers,USED,STORE,SOLD,false,false,false,87.99,249.99,0,175,300,,Layaway,11,
7965,SET,Millennium Falcon,Millennium Falcon,USED,STORE,SOLD,false,false,false,249.99,249.99,25,200,300,,Layaway,12,"sold-conflict(xlsx=25,pdf=0)"
7965,SET,Millennium Falcon,Millennium Falcon,USED,STORE,FOR_SALE,false,false,false,229.99,249.99,,200,300,,,13,
7965,SET,Millennium Falcon,Millennium Falcon,USED,UNKNOWN,FOR_SALE,false,false,false,219.99,,,200,300,,,14,
8092,SET,Luke's Landspeeder,Luke's Landspeeder,USED,STORE,FOR_SALE,false,false,false,39.94,69.99,,50,100,69.99,,15,
8098,SET,Clone Turbo Tank,Clone Turbo Tank,USED,STORE,FOR_SALE,false,false,false,80,549.99,,300,500,,,16,
8098,SET,Clone Turbo Tank,Clone Turbo Tank,USED,STORE,FOR_SALE,true,true,false,167.5,,,300,500,,,17,
8098,SET,Clone Turbo Tank,Clone Turbo Tank,USED,STORE,FOR_SALE,false,false,false,199,,,300,500,,,18,
9488,SET,Elite Clone Trooper & Commando Battle Pack,Elite Clone Trooper & Commando Battle Pack,USED,UNKNOWN,FOR_SALE,false,false,true,14.99,,,100,150,,,19,
9488,SET,Elite Clone Trooper & Commando Battle Pack,Elite Clone Trooper & Commando Battle Pack,USED,UNKNOWN,SOLD,false,false,false,14.99,,149.99,,,,Sold,20,"sold-conflict(xlsx=149.99,pdf=139.99)"
9488,SET,Elite Clone Trooper & Commando Battle Pack,Elite Clone Trooper & Commando Battle Pack,USED,STORE,FOR_SALE,false,false,false,19.25,,,100,150,,,21,
9488,SET,Elite Clone Trooper & Commando Battle Pack,Elite Clone Trooper & Commando Battle Pack,USED,STORAGE,LAYAWAY,false,false,false,14.99,,,100,150,,,22,
9488,SET,Elite Clone Trooper & Commando Battle Pack,Elite Clone Trooper & Commando Battle Pack,USED,STORAGE,LAYAWAY,false,false,false,13.5,,,100,150,,,23,
9488,SET,Elite Clone Trooper & Commando Battle Pack,Elite Clone Trooper & Commando Battle Pack,USED,STORAGE,LAYAWAY,false,false,false,18,,,100,150,,,24,
9488,SET,Elite Clone Trooper & Commando Battle Pack,Elite Clone Trooper & Commando Battle Pack,USED,STORAGE,FOR_SALE,false,false,false,13.5,,,100,150,,,25,
9488,SET,Elite Clone Trooper & Commando Battle Pack,Elite Clone Trooper & Commando Battle Pack,USED,STORAGE,FOR_SALE,false,false,false,13.5,,,100,150,,,26,
9488,SET,Elite Clone Trooper & Commando Battle Pack,Elite Clone Trooper & Commando Battle Pack,USED,STORAGE,FOR_SALE,false,false,false,15.5,,,100,150,,,27,
9488,SET,Elite Clone Trooper & Commando Battle Pack,Elite Clone Trooper & Commando Battle Pack,USED,STORAGE,FOR_SALE,false,false,false,15.5,,,100,150,,,28,
9488,SET,Elite Clone Trooper & Commando Battle Pack,Elite Clone Trooper & Commando Battle Pack,USED,STORAGE,FOR_SALE,false,false,false,14,,,100,150,,,29,
9488,SET,Elite Clone Trooper & Commando Battle Pack,Elite Clone Trooper & Commando Battle Pack,USED,STORAGE,FOR_SALE,false,false,false,14,,,100,150,,,30,
9488,SET,Elite Clone Trooper & Commando Battle Pack,Elite Clone Trooper & Commando Battle Pack,USED,STORE,FOR_SALE,false,false,false,12.99,139.99,,100,150,,,31,
9488,SET,Elite Clone Trooper & Commando Battle Pack,Elite Clone Trooper & Commando Battle Pack,USED,STORE,FOR_SALE,true,true,false,25,,,,5,,,32,
9488,SET,Elite Clone Trooper & Commando Battle Pack,Elite Clone Trooper & Commando Battle Pack,USED,STORE,FOR_SALE,true,false,false,15.99,,,100,150,,,33,
9488,SET,Elite Clone Trooper & Commando Battle Pack,Elite Clone Trooper & Commando Battle Pack,USED,STORE,FOR_SALE,true,true,false,15.99,,,,5,,,34,
9488,SET,Elite Clone Trooper & Commando Battle Pack,Elite Clone Trooper & Commando Battle Pack,USED,STORE,FOR_SALE,true,true,false,11.7,,,,5,,,35,
9488,SET,Elite Clone Trooper & Commando Battle Pack,Elite Clone Trooper & Commando Battle Pack,USED,HOME,FOR_SALE,false,false,false,11.7,,,100,150,,,36,
9488,SET,Elite Clone Trooper & Commando Battle Pack,Elite Clone Trooper & Commando Battle Pack,USED,HOME,FOR_SALE,false,false,false,11.7,,,100,150,,,37,
9488,SET,Elite Clone Trooper & Commando Battle Pack,Elite Clone Trooper & Commando Battle Pack,USED,HOME,FOR_SALE,false,false,false,11.7,,,100,150,,,38,
9488,SET,Elite Clone Trooper & Commando Battle Pack,Elite Clone Trooper & Commando Battle Pack,USED,HOME,FOR_SALE,false,false,false,11.7,,,100,150,,,39,
9492,SET,TIE Fighter,TIE Fighter,USED,STORE,FOR_SALE,false,false,false,80,99.99,,80,100,89.99,,40,"listing-vs-upcoming(pdf=99.99,up=89.99)"
9492,SET,TIE Fighter,TIE Fighter,USED,STORE,FOR_SALE,false,false,false,80,99.99,,80,100,,,41,
9492,SET,TIE Fighter,TIE Fighter,USED,STORE,FOR_SALE,true,true,false,,,,,,,,42,cost-unknown
9493,SET,X-Wing Starfighter,X-Wing Starfighter,USED,STORE,FOR_SALE,false,false,false,146.99,199.99,,150,200,,,43,
9493,SET,X-Wing Starfighter,X-Wing Starfighter,USED,STORAGE,FOR_SALE,false,false,false,86.45,,,150,200,,,44,
9493,SET,X-Wing Starfighter,X-Wing Starfighter,USED,STORE,FOR_SALE,false,false,false,75,199.99,,150,200,,,45,
9493,SET,X-Wing Starfighter,X-Wing Starfighter,USED,UNKNOWN,STOLEN,false,false,false,85,,,150,200,,,46,
9496,SET,Desert Skiff,Desert Skiff,USED,STORE,FOR_SALE,false,false,false,31.95,,,75,100,,,47,
9496,SET,Desert Skiff,Desert Skiff,USED,UNKNOWN,SOLD,false,false,false,36.7,,99.99,,,,Sold,48,
9496,SET,Desert Skiff,Desert Skiff,USED,STORE,FOR_SALE,false,false,false,31.95,99.99,,75,100,,,49,
9499,SET,Gungun Sub,Gungun Sub,USED,STORE,SOLD,false,false,false,50,449.99,100,200,500,,,50,
9516,SET,Jabba's Palace,Jabba's Palace,USED,STORE,FOR_SALE,false,false,false,129,,,300,600,,,51,
9525,SET,Pre Vizsla's Mandalorian Fighter,Pre Vizsla's Mandalorian Fighter,USED,STORE,FOR_SALE,false,false,false,36,349.99,,200,400,,,52,
10123,SET,Cloud City,Cloud City,USED,UNKNOWN,LAYAWAY,false,false,false,1040,,,4000,10000,,Four for sale. Possibly best for,53,
10123,SET,Cloud City,Cloud City,USED,HOME,FOR_SALE,false,false,false,968,,,4000,10000,,,54,
10178,SET,Motorized Walking AT-AT,Motorized Walking AT-AT,USED,STORE,LAYAWAY,true,false,false,,,,,,,,55,cost-unknown
10188,SET,Death Star UCS,Death Star UCS,USED,UNKNOWN,SOLD,false,false,false,399.95,,999.99,,,,Sold,56,"sold-conflict(xlsx=999.99,pdf=1000)"
10188,SET,Death Star UCS,Death Star UCS,USED,STORE,LAYAWAY,false,false,false,399.99,,,800,1000,,,57,
10188,SET,Death Star UCS,Death Star UCS,USED,STORE,LAYAWAY,false,false,false,439,999.99,,800,1000,,,58,
10188,SET,Death Star UCS,Death Star UCS,USED,STORE,LAYAWAY,false,false,false,499,999.99,,800,1000,,,59,
10188,SET,Death Star UCS,Death Star UCS,USED,STORE,SOLD,true,false,false,450,550,999.99,800,1000,,Layaway,60,
10188,SET,Death Star UCS,Death Star UCS,USED,UNKNOWN,SOLD,false,false,false,455,,1000,,,,Sold,61,"sold-conflict(xlsx=1000,pdf=999.99)"
10198,SET,Tantive IV,Tantive IV,USED,STORE,LAYAWAY,false,false,false,230,449.99,,350,450,,,62,
10198,SET,Tantive IV,Tantive IV,USED,UNKNOWN,SOLD,false,false,false,,,140,,,,Sold (Built w/figs),63,cost-unknown
10215,SET,Obi Wan's Jedi Starfighter UCS,Obi Wan's Jedi Starfighter UCS,USED,STORE,FOR_SALE,false,false,false,120,449.99,,300,500,,,64,
10215,SET,Obi Wan's Jedi Starfighter UCS,Obi Wan's Jedi Starfighter UCS,USED,STORE,FOR_SALE,false,false,false,120,449.99,,300,500,,,65,
10236,SET,Ewok Villiage UCS,Ewok Villiage UCS,USED,UNKNOWN,SOLD,false,false,false,224.99,,750,,,,Sold,66,
10236,SET,Ewok Villiage UCS,Ewok Villiage UCS,USED,STORE,LAYAWAY,false,false,false,239.01,,,680,750,,,67,
10236,SET,Ewok Villiage UCS,Ewok Villiage UCS,USED,UNKNOWN,SOLD,false,false,false,175.99,,749.99,,,,Sold,68,
10236,SET,Ewok Villiage UCS,Ewok Villiage UCS,USED,STORAGE,FOR_SALE,false,false,false,198,,,680,750,,,69,
10240,SET,Red Five X-Wing Starfighter UCS,Red Five X-Wing Starfighter UCS,USED,STORE,FOR_SALE,false,false,false,199.99,449.99,,260,500,,,70,
10240,SET,Red Five X-Wing Starfighter UCS,Red Five X-Wing Starfighter UCS,USED,STORE,FOR_SALE,false,false,false,199.99,449.99,,260,500,,,71,
10240,SET,Red Five X-Wing Starfighter UCS,Red Five X-Wing Starfighter UCS,USED,STORE,FOR_SALE,false,false,false,199.99,,,260,500,,,72,
10240,SET,Red Five X-Wing Starfighter UCS,Red Five X-Wing Starfighter UCS,USED,HOME,FOR_SALE,false,false,false,199.99,,,260,500,,,73,
20019,SET,Slave 1 (BrickMaster),Slave 1 (BrickMaster),USED,STORE,FOR_SALE,true,false,false,,,,,,,,74,cost-unknown
30278,SET,Poe's X-Wing Fighter Pack,Poe's X-Wing Fighter Pack,USED,STORE,SOLD,false,false,false,7.19,,8,5,10,,,75,
30278,SET,Poe's X-Wing Fighter Pack,Poe's X-Wing Fighter Pack,USED,STORE,FOR_SALE,false,false,false,7.19,,,40,10,,,76,
75001,SET,Republic Troopers VS Sith Troopers,Republic Troopers VS Sith Troopers,USED,UNKNOWN,FOR_SALE,false,false,true,11.99,54.99,,40,60,54.99,,77,
75001,SET,Republic Troopers VS Sith Troopers,Republic Troopers VS Sith Troopers,USED,STORE,FOR_SALE,false,false,false,11.99,,,40,60,,,78,
75001,SET,Republic Troopers VS Sith Troopers,Republic Troopers VS Sith Troopers,USED,STORE,FOR_SALE,false,false,false,11.99,59.99,,40,60,,,79,
75001,SET,Republic Troopers VS Sith Troopers,Republic Troopers VS Sith Troopers,USED,UNKNOWN,FOR_SALE,false,false,false,6.99,,,40,60,,,80,
75004,SET,Z-95 Headhunter,Z-95 Headhunter,USED,STORE,LAYAWAY,false,false,false,48.79,249.99,,175,250,,,81,
75005,SET,Rancor Pit,Rancor Pit,USED,STORE,LAYAWAY,false,false,false,42.99,349.99,,300,350,,,82,
75012,SET,BARC Speeder with Sidecar,BARC Speeder with Sidecar,USED,STORE,SOLD,false,false,false,27.99,,100,,450,,,83,
75012,SET,BARC Speeder with Sidecar,BARC Speeder with Sidecar,USED,STORE,FOR_SALE,false,false,false,27.99,449.99,,400,450,,,84,
75013,SET,Umbaran Mobile Heavy Cannon,Umbaran Mobile Heavy Cannon,USED,UNKNOWN,SOLD,false,false,false,60,,199.99,,,,Sold,85,
75016,SET,Homing Spider Droid,Homing Spider Droid,USED,STORE,FOR_SALE,true,false,false,18,1,,,,,,86,
75018,SET,Jek-14's Stealth Starfighter,Jek-14's Stealth Starfighter,USED,STORE,FOR_SALE,false,false,false,72.5,107,,200,250,107,,87,
75018,SET,Jek-14's Stealth Starfighter,Jek-14's Stealth Starfighter,USED,STORE,FOR_SALE,false,false,false,60,249.99,,200,250,,,88,
75018,SET,Jek-14's Stealth Starfighter,Jek-14's Stealth Starfighter,USED,STORE,FOR_SALE,false,false,false,60,249.99,,200,250,,,89,
75019,SET,AT-TE,AT-TE,USED,STORE,FOR_SALE,false,false,false,140.95,,,350,400,,,90,
75019,SET,AT-TE,AT-TE,USED,STORE,FOR_SALE,false,false,false,125,399.99,,360,400,,,91,
75020,SET,Jabba's Sail Barge,Jabba's Sail Barge,USED,STORE,SOLD,false,false,false,99.98,599.99,0,500,600,,Layaway,92,
75021,SET,Republic Gunship,Republic Gunship,USED,STORE,LAYAWAY,false,false,false,114.95,849.99,,800,900,,,93,name-variants
75021,SET,Republic Gunship (Built),Republic Gunship,USED,STORE,SOLD,true,true,false,,,120,,,,,94,cost-unknown;name-variants
75022,SET,Mandalorian Speeder,Mandalorian Speeder,USED,STORE,FOR_SALE,false,false,false,38,174.99,,160,180,,,95,
75022,SET,Mandalorian Speeder,Mandalorian Speeder,USED,STORE,FOR_SALE,false,false,false,42.48,174.99,,160,180,,,96,
75022,SET,Mandalorian Speeder,Mandalorian Speeder,USED,UNKNOWN,FOR_SALE,false,false,false,29,,,160,180,,,97,
75024,SET,HH-87 Starhopper,HH-87 Starhopper,USED,STORE,LAYAWAY,false,false,false,35,199.99,,100,200,,,98,
75025,SET,Jedi Defender Class Cruiser,Jedi Defender Class Cruiser,USED,STORE,FOR_SALE,false,false,false,52.98,449.99,,300,500,,,99,
75028,SET,Clone Turbo Tank Micro,Clone Turbo Tank Micro,USED,STORE,FOR_SALE,false,false,false,7.47,,,20,100,,Figure alone is valued at $40,100,
75028,SET,Clone Turbo Tank Micro,Clone Turbo Tank Micro,USED,STORAGE,LAYAWAY,false,false,false,7.47,,,20,100,,,101,
75028,SET,Clone Turbo Tank Micro,Clone Turbo Tank Micro,USED,STORAGE,FOR_SALE,false,false,false,9.99,,,20,100,,,102,
75028,SET,Clone Turbo Tank Micro,Clone Turbo Tank Micro,USED,STORE,FOR_SALE,false,false,false,8,74.99,,20,100,,,103,
75028,SET,Clone Turbo Tank Micro,Clone Turbo Tank Micro,USED,UNKNOWN,SOLD,false,false,false,10.99,,53.99,,,,Sold,104,
75028,SET,Clone Turbo Tank Micro,Clone Turbo Tank Micro,USED,STORE,FOR_SALE,false,false,false,7.99,,,20,100,,,105,
75028,SET,Clone Turbo Tank Micro,Clone Turbo Tank Micro,USED,STORE,FOR_SALE,false,false,false,3.5,,,20,100,,,106,
75029,SET,AAT Micro,AAT Micro,USED,STORE,FOR_SALE,false,false,false,9.99,34.99,,15,40,34.99,,107,
75029,SET,AAT Micro,AAT Micro,USED,STORE,FOR_SALE,false,false,false,8,34.99,,15,40,34.99,,108,
75029,SET,AAT Micro,AAT Micro,USED,STORAGE,FOR_SALE,false,false,false,8,,,15,40,,,109,
75029,SET,AAT Micro,AAT Micro,USED,STORE,FOR_SALE,false,false,false,10.99,,,15,40,,,110,
75029,SET,AAT Micro,AAT Micro,USED,STORE,FOR_SALE,false,false,false,,34.99,,15,40,,,111,cost-unknown
75030,SET,Millennium Falcon Micro,Millennium Falcon Micro,USED,STORE,FOR_SALE,false,false,false,9.89,29.99,,15,30,29.99,,112,
75030,SET,Millennium Falcon Micro,Millennium Falcon Micro,USED,STORE,SOLD,false,false,false,9.99,,24.99,15,30,,,113,
75030,SET,Millennium Falcon Micro,Millennium Falcon Micro,USED,STORE,SOLD,false,false,false,9.99,,24.99,15,30,,,114,
75030,SET,Millennium Falcon Micro,Millennium Falcon Micro,USED,STORAGE,FOR_SALE,false,false,false,9.99,,,15,30,,,115,
75030,SET,Millennium Falcon Micro,Millennium Falcon Micro,USED,STORE,FOR_SALE,false,false,false,8,24.99,,15,30,,,116,
75030,SET,Millennium Falcon Micro,Millennium Falcon Micro,USED,STORE,FOR_SALE,false,false,false,10.99,,,15,30,,,117,
75031,SET,TIE Interceptor Micro,TIE Interceptor Micro,USED,STORE,SOLD,false,false,false,9.97,,24.99,15,30,,,118,
75031,SET,TIE Interceptor Micro,TIE Interceptor Micro,USED,STORAGE,SOLD,false,false,false,9.97,,29.99,15,30,,,119,
75031,SET,TIE Interceptor Micro,TIE Interceptor Micro,USED,STORE,SOLD,false,false,false,8,,24.99,15,30,,,120,
75031,SET,TIE Interceptor Micro,TIE Interceptor Micro,USED,STORE,FOR_SALE,false,false,false,10.99,24.99,,15,30,,,121,
75032,SET,X-Wing Fighter & Pilot Micro,X-Wing Fighter Micro,USED,STORAGE,SOLD,false,false,false,9.99,,34.99,15,40,,,122,name-variants
75032,SET,X-Wing Fighter Micro,X-Wing Fighter Micro,USED,STORAGE,FOR_SALE,false,false,false,12.99,34.99,,15,40,34.99,,123,name-variants
75032,SET,X-Wing Fighter Micro,X-Wing Fighter Micro,USED,STORAGE,FOR_SALE,false,false,false,12.99,,,15,40,,,124,name-variants
75032,SET,X-Wing Fighter Micro,X-Wing Fighter Micro,USED,HOME,FOR_SALE,false,false,false,9.97,,,15,40,,,125,name-variants
75032,SET,X-Wing Fighter Micro,X-Wing Fighter Micro,USED,STORE,FOR_SALE,false,false,false,8,34.99,,15,40,,,126,name-variants
75032,SET,X-Wing Fighter Micro,X-Wing Fighter Micro,USED,STORE,FOR_SALE,false,false,false,7,,,15,40,,,127,name-variants
75032,SET,X-Wing Fighter Micro,X-Wing Fighter Micro,USED,UNKNOWN,FOR_SALE,false,false,false,10.99,,,15,40,,,128,name-variants
75032,SET,X-Wing Fighter Micro,X-Wing Fighter Micro,USED,UNKNOWN,FOR_SALE,false,false,false,2.98,,,15,40,,,129,name-variants
75033,SET,Star Destroyer Micro,Star Destroyer Micro,USED,STORE,SOLD,false,false,false,7.99,,34.99,15,40,,,130,
75033,SET,Star Destroyer Micro,Star Destroyer Micro,USED,STORAGE,FOR_SALE,false,false,false,7.99,,,15,40,,,131,
75033,SET,Star Destroyer Micro,Star Destroyer Micro,USED,STORAGE,FOR_SALE,false,false,false,7.99,,,15,40,,,132,
75033,SET,Star Destroyer Micro,Star Destroyer Micro,USED,STORAGE,FOR_SALE,false,false,false,8,,,15,40,,,133,
75033,SET,Star Destroyer Micro,Star Destroyer Micro,USED,STORE,FOR_SALE,false,false,false,10.99,34.99,,15,40,,,134,
75034,SET,Death Star Troopers,Death Star Troopers,USED,STORE,SOLD,false,false,false,12.97,,39.99,20,40,,,135,name-variants
75034,SET,Death Star Troopers,Death Star Troopers,USED,STORE,SOLD,false,false,false,12.97,,30.99,20,40,,,136,name-variants
75034,SET,Death Star Troopers,Death Star Troopers,USED,STORE,FOR_SALE,false,false,false,12.59,39.99,,20,40,36.07,,137,"listing-vs-upcoming(pdf=39.99,up=36.07);name-variants"
75034,SET,Death Star Troopers,Death Star Troopers,USED,STORE,FOR_SALE,false,false,false,12.34,39.99,,20,40,,,138,name-variants
75034,SET,Death Star troopers,Death Star Troopers,USED,STORE,FOR_SALE,false,false,false,0,39.99,,20,40,,,139,cost-zero;name-variants
75034,SET,Death Star Troopers,Death Star Troopers,USED,STORE,FOR_SALE,false,false,false,14.98,39.99,,20,40,,,140,name-variants
75034,SET,Death Star Troopers,Death Star Troopers,USED,STORE,FOR_SALE,true,true,false,14.98,,,,5,,,141,name-variants
75034,SET,Death Star Troopers,Death Star Troopers,USED,UNKNOWN,SOLD,false,false,false,14.98,,30.99,,,,Sold,142,name-variants
75035,SET,Kashyyyk Troopers,Kashyyyk Troopers,USED,UNKNOWN,FOR_SALE,false,false,false,12.97,,,60,100,,Combined value of individual | figureCs risa cakbout $80-100,143,garbled-pdf-row
75035,SET,Kashyyyk Troopers,Kashyyyk Troopers,USED,UNKNOWN,SOLD,false,false,true,12.97,,89.99,60,100,,,144,
75035,SET,Kashyyyk Troopers,Kashyyyk Troopers,USED,UNKNOWN,FOR_SALE,false,false,true,12.97,,,60,100,,,145,
75035,SET,Kashyyyk Troopers,Kashyyyk Troopers,USED,STORE,FOR_SALE,false,false,false,12.99,,,60,100,,,146,
75035,SET,Kashyyyk Troopers,Kashyyyk Troopers,USED,STORE,FOR_SALE,false,false,false,12.99,89.99,,60,100,,,147,
75035,SET,Kashyyyk Troopers,Kashyyyk Troopers,USED,STORE,FOR_SALE,false,false,false,12.97,89.99,,60,100,,,148,
75035,SET,Kashyyyk Troopers,Kashyyyk Troopers,USED,STORE,FOR_SALE,false,false,false,12.97,89.99,,60,100,,,149,
75035,SET,Kashyyyk Troopers,Kashyyyk Troopers,USED,STORE,FOR_SALE,false,false,false,11.19,89.99,,60,100,,,150,
75035,SET,Kashyyyk Troopers,Kashyyyk Troopers,USED,UNKNOWN,SOLD,false,false,false,11.19,,60,,,,Sold,151,"sold-conflict(xlsx=60,pdf=80)"
75035,SET,Kashyyyk Troopers,Kashyyyk Troopers,USED,UNKNOWN,FOR_SALE,false,false,false,11.19,,,60,100,,,152,
75036,SET,Utapua Troopers,Utapua Troopers,USED,UNKNOWN,LAYAWAY,false,false,true,12.97,,,80,150,,Combined value of figs is about,153,
75036,SET,Utapua Troopers,Utapua Troopers,USED,UNKNOWN,LAYAWAY,false,false,true,12.97,,,80,150,,,154,
75036,SET,Utapua Troopers,Utapua Troopers,USED,UNKNOWN,FOR_SALE,false,false,true,9.51,,,80,150,,,155,
75036,SET,Utapua Troopers,Utapua Troopers,USED,STORE,FOR_SALE,false,false,false,9.51,,,80,150,,,156,
75036,SET,Utapua Troopers,Utapua Troopers,USED,STORE,FOR_SALE,false,false,false,12.97,139.99,,80,150,,,157,
75036,SET,Utapua Troopers,Utapua Troopers,USED,STORE,FOR_SALE,false,false,false,11.19,139.99,,80,150,,,158,
75036,SET,Utapua Troopers,Utapua Troopers,USED,STORE,FOR_SALE,true,true,false,11.19,,,,5,,,159,
75036,SET,Utapua Troopers,Utapua Troopers,USED,UNKNOWN,SOLD,false,false,false,11.19,,100,,,,Sold,160,
75037,SET,Battle of Saleucami,Battle of Saleucami,USED,STORE,FOR_SALE,false,false,false,14.24,99.99,,50,100,81.59,,161,"listing-vs-upcoming(pdf=99.99,up=81.59);name-variants"
75037,SET,Battle of Saleucami,Battle of Saleucami,USED,STORE,FOR_SALE,false,false,false,6.99,,,50,100,,,162,name-variants
75037,SET,Battle of Saleucami,Battle of Saleucami,USED,STORAGE,FOR_SALE,false,false,false,14.24,,,50,100,,,163,name-variants
75037,SET,Battle on Saleucami,Battle of Saleucami,USED,STORAGE,FOR_SALE,false,false,false,14.99,,,50,100,,,164,name-variants
75038,SET,Jedi Intercepter,Jedi Intercepter,USED,STORE,SOLD,false,false,false,24.97,99.99,91.99,50,100,,,165,
75038,SET,Jedi Intercepter,Jedi Intercepter,USED,STORAGE,FOR_SALE,false,false,false,23.39,99.99,,50,100,99.99,,166,
75038,SET,Jedi Intercepter,Jedi Intercepter,USED,STORE,FOR_SALE,false,false,false,24.97,99.99,,50,100,,,167,
75038,SET,Jedi Intercepter,Jedi Intercepter,USED,UNKNOWN,SOLD,false,false,false,0,,99,,,,Sold,168,"cost-zero;sold-conflict(xlsx=99,pdf=91.99)"
75039,SET,V-Wing Starfighter,V-Wing Starfighter,USED,STORAGE,FOR_SALE,false,false,false,22,149.99,,80,150,,,169,
75039,SET,V-Wing Starfighter,V-Wing Starfighter,USED,STORE,FOR_SALE,true,true,false,20,,,,,,,170,
75040,SET,General Grevious Wheel Bike,General Grevious Wheel Bike,USED,UNKNOWN,SOLD,false,false,false,24.97,,149.99,,,,Sold,171,"sold-conflict(xlsx=149.99,pdf=150)"
75040,SET,General Grevious Wheel Bike,General Grevious Wheel Bike,USED,STORE,LAYAWAY,false,false,false,23.74,,,130,150,,,172,
75040,SET,General Grevious Wheel Bike,General Grevious Wheel Bike,USED,STORE,SOLD,false,false,false,23.74,149.99,150,130,150,,,173,
75041,SET,Vulture Droid,Vulture Droid,USED,STORE,FOR_SALE,false,false,false,19.99,,,100,200,,,174,
75041,SET,Vulture Droid,Vulture Droid,USED,STORE,FOR_SALE,false,false,false,19.99,199.99,,100,200,,,175,
75042,SET,Droid Gunship,Droid Gunship,USED,STORE,LAYAWAY,false,false,false,46.79,,,100,150,,,176,
75042,SET,Droid Gunship,Droid Gunship,USED,STORE,FOR_SALE,false,false,false,38,149.99,,100,150,,,177,
75043,SET,AT-AP,AT-AP,USED,STORE,LAYAWAY,false,false,false,49.99,,,180,200,,,178,
75043,SET,AT-AP,AT-AP,USED,STORE,FOR_SALE,false,false,false,55.79,199.99,,180,200,,,179,
75044,SET,Droid Tri-Fighter,Droid Tri-Fighter,USED,UNKNOWN,SOLD,false,false,false,28.49,149.99,149.99,120,150,,Sold,180,
75045,SET,Republic AV-7 Anti-Vehicle Cannon,Republic AV-7 Anti-Vehicle Cannon,USED,STORE,FOR_SALE,false,false,false,39.99,349.99,,200,400,,,181,
75045,SET,Republic AV-7 Anti-Vehicle Cannon,Republic AV-7 Anti-Vehicle Cannon,USED,STORE,FOR_SALE,false,false,false,39.99,349.99,,200,400,,,182,
75045,SET,Republic AV-7 Anti-Vehicle Cannon,Republic AV-7 Anti-Vehicle Cannon,USED,STORAGE,FOR_SALE,false,false,false,39,,,200,400,,,183,
75045,SET,Republic AV-7 Anti-Vehicle Cannon,Republic AV-7 Anti-Vehicle Cannon,USED,STORE,LAYAWAY,false,false,false,,,,200,400,,,184,cost-unknown
75046,SET,Coruscant Police Gunship,Coruscant Police Gunship,USED,STORE,LAYAWAY,false,false,false,37.39,,,400,500,,,185,
75046,SET,Coruscant Police Gunship,Coruscant Police Gunship,USED,STORE,FOR_SALE,false,false,false,71,449.99,,400,500,,,186,
75048,SET,The Phantom,The Phantom,USED,STORE,FOR_SALE,false,false,false,24.99,249.99,,200,250,,,187,
75049,SET,Snowspeeder,Snowspeeder,USED,STORE,SOLD,false,false,false,29.97,149.99,149.99,,,,Sold,188,"sold-conflict(xlsx=149.99,pdf=121.99)"
75049,SET,Snowspeeder,Snowspeeder,USED,UNKNOWN,SOLD,false,false,false,29.99,,139.99,100,150,,,189,
75050,SET,B-Wing,B-Wing,USED,UNKNOWN,SOLD,false,false,false,49.49,,199.99,,,,Sold,190,"sold-conflict(xlsx=199.99,pdf=159.99)"
75050,SET,B-Wing,B-Wing,USED,STORAGE,FOR_SALE,false,false,false,39.99,199.99,,100,200,,,191,
75051,SET,Jedi Scout Fighter,Jedi Scout Fighter,USED,STORE,FOR_SALE,false,false,false,47.99,199.99,,100,200,199.99,,192,
75051,SET,Jedi Scout Fighter,Jedi Scout Fighter,USED,STORE,FOR_SALE,false,false,false,58.49,199.99,,100,200,,,193,
75052,SET,Mos Eisley Cantina,Mos Eisley Cantina,USED,UNKNOWN,SOLD,false,false,false,75,199.99,199.99,,,,Sold,194,
75052,SET,Mos Eisley Cantina,Mos Eisley Cantina,USED,UNKNOWN,STOLEN,false,false,false,50.99,199.99,,,,,,195,
75053,SET,The Ghost,The Ghost,USED,STORE,FOR_SALE,false,false,false,67.99,,,800,900,,,196,
75053,SET,The Ghost,The Ghost,USED,STORE,FOR_SALE,false,false,false,85.49,849.99,,800,900,,,197,
75053,SET,The Ghost,The Ghost,USED,STORE,FOR_SALE,false,false,false,69.99,849.99,,800,900,,,198,
75054,SET,AT-AT,AT-AT,USED,STORE,LAYAWAY,false,false,false,109.97,,,100,250,,,199,
75054,SET,AT-AT,AT-AT,USED,STORE,FOR_SALE,false,false,false,81.59,,,100,250,,,200,
75054,SET,AT-AT,AT-AT,USED,STORE,FOR_SALE,false,false,false,80.44,229.99,,100,250,,,201,
75054,SET,AT-AT,AT-AT,USED,STORE,FOR_SALE,false,false,false,81.59,229.99,,100,250,,,202,
75055,SET,Imperial Star Destroyer,Imperial Star Destroyer,USED,STORE,SOLD,false,false,false,95.19,,379.99,350,380,,,203,
75055,SET,Imperial Star Destroyer,Imperial Star Destroyer,USED,STORE,SOLD,false,false,false,95.19,379.99,380,350,380,,,204,
75055,SET,Imperial Star Destroyer,Imperial Star Destroyer,USED,STORE,LAYAWAY,false,false,false,95.19,379.99,,350,380,,,205,
75058,SET,MTT,MTT,USED,UNKNOWN,SOLD,false,false,false,89.99,,400,,,,Sold,206,
75058,SET,MTT,MTT,USED,STORE,FOR_SALE,false,false,false,89.99,449.99,,400,450,,,207,
75059,SET,Sandcrawler UCS,Sandcrawler UCS,USED,UNKNOWN,SOLD,false,false,false,299.99,,600,,,,Sold,208,
75059,SET,Sandcrawler UCS,Sandcrawler UCS,USED,STORE,SOLD,false,false,false,269.99,599.99,0,,,,Layaway,209,
75059,SET,Sandcrawler UCS,Sandcrawler UCS,USED,UNKNOWN,SOLD,false,false,false,239.99,599.99,599.99,,,,Sold,210,
75060,SET,Slave 1 UCS,Slave 1 UCS,USED,STORE,SOLD,false,false,false,199,620,100,,,,On layaway,211,"sold-conflict(xlsx=100,pdf=0)"
75060,SET,Slave 1 UCS,Slave 1 UCS,USED,UNKNOWN,SOLD,false,false,false,199,,635,,,,Sold,212,
75060,SET,Slave 1 UCS,Slave 1 UCS,USED,STORE,LAYAWAY,false,false,false,188,699.99,,600,700,,,213,
75072,SET,ARC-170 Starfighter Micro,ARC-170 Starfighter Micro,USED,STORE,SOLD,false,false,false,9.97,,34.99,20,40,,,214,
75072,SET,ARC-170 Starfighter Micro,ARC-170 Starfighter Micro,USED,STORE,SOLD,false,false,false,9.97,,39.99,20,40,,,215,
75072,SET,ARC-170 Starfighter Micro,ARC-170 Starfighter Micro,USED,STORAGE,LAYAWAY,false,false,false,9.99,,,20,40,,,216,
75072,SET,ARC-170 Starfighter Micro,ARC-170 Starfighter Micro,USED,STORAGE,LAYAWAY,false,false,false,9.99,,,20,40,,,217,
75072,SET,ARC-170 Starfighter Micro,ARC-170 Starfighter Micro,USED,STORAGE,FOR_SALE,false,false,false,9.97,,,20,40,,,218,
75072,SET,ARC-170 Starfighter Micro,ARC-170 Starfighter Micro,USED,STORAGE,FOR_SALE,false,false,false,9.49,,,20,40,,,219,
75072,SET,ARC-170 Starfighter Micro,ARC-170 Starfighter Micro,USED,STORAGE,FOR_SALE,false,false,false,0,,,20,40,,,220,cost-zero
75072,SET,ARC-170 Starfighter Micro,ARC-170 Starfighter Micro,USED,STORAGE,FOR_SALE,false,false,false,8,,,20,40,,,221,
75072,SET,ARC-170 Starfighter Micro,ARC-170 Starfighter Micro,USED,STORAGE,FOR_SALE,false,false,false,8.99,,,20,40,,,222,
75072,SET,ARC-170 Starfighter Micro,ARC-170 Starfighter Micro,USED,STORE,FOR_SALE,false,false,false,10.99,34.99,,20,40,,,223,
75072,SET,ARC-170 Starfighter Micro,ARC-170 Starfighter Micro,USED,STORE,FOR_SALE,false,false,false,9,,,20,40,,,224,
75072,SET,ARC-170 Starfighter Micro,ARC-170 Starfighter Micro,USED,STORE,FOR_SALE,false,false,false,9,,,20,40,,,225,
75072,SET,ARC-170 Starfighter Micro,ARC-170 Starfighter Micro,USED,STORE,FOR_SALE,false,false,false,9,,,20,40,,,226,
75072,SET,ARC-170 Starfighter Micro,ARC-170 Starfighter Micro,USED,STORE,FOR_SALE,false,false,false,9,,,20,40,,,227,
75072,SET,ARC-170 Starfighter Micro,ARC-170 Starfighter Micro,USED,UNKNOWN,SOLD,false,false,false,8.99,,39.99,,,,Sold,228,
75073,SET,Vulture Droid Micro,Vulture Droid Micro,USED,STORE,FOR_SALE,false,false,false,9.49,22.46,,20,40,22.46,,229,
75073,SET,Vulture Droid Micro,Vulture Droid Micro,USED,STORE,FOR_SALE,false,false,false,9.49,,,20,40,,,230,
75073,SET,Vulture Droid Micro,Vulture Droid Micro,USED,STORE,FOR_SALE,false,false,false,9.99,,,20,40,,,231,
75073,SET,Vulture Droid Micro,Vulture Droid Micro,USED,STORAGE,FOR_SALE,false,false,false,9.99,,,20,40,,,232,
75073,SET,Vulture Droid Micro,Vulture Droid Micro,USED,STORE,FOR_SALE,false,false,false,8,,,20,40,,,233,
75073,SET,Vulture Droid Micro,Vulture Droid Micro,USED,STORE,FOR_SALE,false,false,false,8,,,20,40,,,234,
75073,SET,Vulture Droid Micro,Vulture Droid Micro,USED,STORE,FOR_SALE,false,false,false,10.99,34.99,,20,40,,,235,
75074,SET,Snowspeeder Micro,Snowspeeder Micro,USED,STORE,SOLD,false,false,false,7.47,24.99,24.99,15,30,,,236,
75074,SET,Snowspeeder Micro,Snowspeeder Micro,USED,STORE,SOLD,false,false,false,9.99,,24.99,15,30,,,237,
75074,SET,Snowspeeder Micro,Snowspeeder Micro,USED,STORE,SOLD,false,false,false,9.99,,29.99,15,30,,,238,
75074,SET,Snowspeeder Micro,Snowspeeder Micro,USED,STORAGE,FOR_SALE,false,false,false,9.97,22.49,,15,30,22.49,,239,
75074,SET,Snowspeeder Micro,Snowspeeder Micro,USED,STORAGE,FOR_SALE,false,false,false,8.99,,,15,30,,,240,
75074,SET,Snowspeeder Micro,Snowspeeder Micro,USED,STORAGE,FOR_SALE,false,false,false,8.09,,,15,30,,,241,
75074,SET,Snowspeeder Micro,Snowspeeder Micro,USED,STORAGE,FOR_SALE,false,false,false,8.09,,,15,30,,,242,
75074,SET,Snowspeeder Micro,Snowspeeder Micro,USED,STORAGE,FOR_SALE,false,false,false,8.09,,,15,30,,,243,
75074,SET,Snowspeeder Micro,Snowspeeder Micro,USED,STORAGE,FOR_SALE,false,false,false,8,,,15,30,,,244,
75074,SET,Snowspeeder Micro,Snowspeeder Micro,USED,STORAGE,FOR_SALE,false,false,false,8,,,15,30,,,245,
75074,SET,Snowspeeder Micro,Snowspeeder Micro,USED,STORE,FOR_SALE,false,false,false,7.6,,,15,30,,,246,
75074,SET,Snowspeeder Micro,Snowspeeder Micro,USED,STORE,FOR_SALE,false,false,false,7.6,,,15,30,,,247,
75074,SET,Snowspeeder Micro,Snowspeeder Micro,USED,STORE,FOR_SALE,false,false,false,7.56,,,15,30,,,248,
75074,SET,Snowspeeder Micro,Snowspeeder Micro,USED,STORE,FOR_SALE,false,false,false,7.56,,,15,30,,,249,
75074,SET,Snowspeeder Micro,Snowspeeder Micro,USED,STORE,FOR_SALE,false,false,false,7.56,,,15,30,,,250,
75074,SET,Snowspeeder Micro,Snowspeeder Micro,USED,STORE,FOR_SALE,false,false,false,10.99,,,15,30,,,251,
75074,SET,Snowspeeder Micro,Snowspeeder Micro,USED,STORE,FOR_SALE,false,false,false,8.99,,,15,30,,,252,
75074,SET,Snowspeeder Micro,Snowspeeder Micro,USED,UNKNOWN,SOLD,false,false,false,,,29.99,,,,Sold,253,cost-unknown
75075,SET,AT-AT Micro,AT-AT Micro,USED,STORE,SOLD,false,false,false,9.97,,24.99,,,,Sold,254,name-variants
75075,SET,AT-AT Micro,AT-AT Micro,USED,STORE,FOR_SALE,false,false,false,9.99,19.99,,15,30,19.99,,255,name-variants
75075,SET,AT-AT Micro,AT-AT Micro,USED,STORE,FOR_SALE,false,false,false,9.99,24.99,,15,30,24.99,,256,name-variants
75075,SET,AT-AT Micro,AT-AT Micro,USED,STORE,FOR_SALE,false,false,false,9.99,25.99,,15,30,25.99,,257,name-variants
75075,SET,AT-AT Micro,AT-AT Micro,USED,STORE,FOR_SALE,false,false,false,9.97,24.99,,15,30,24.99,,258,name-variants
75075,SET,AT-AT Micro,AT-AT Micro,USED,STORAGE,FOR_SALE,false,false,false,9.97,9.24,,15,30,9.24,,259,name-variants
75075,SET,AT-AT Micro,AT-AT Micro,USED,STORAGE,SOLD,false,false,false,9.97,,24.99,15,30,,,260,name-variants
75075,SET,AT-AT Micro,AT-AT Micro,USED,STORAGE,SOLD,false,false,false,9,,24.99,15,30,,,261,name-variants
75075,SET,AT-AT Micro,AT-AT Micro,USED,STORAGE,FOR_SALE,false,false,false,9,,,15,30,,,262,name-variants
75075,SET,AT-AT Micro,AT-AT Micro,USED,STORAGE,FOR_SALE,false,false,false,8.99,,,15,30,,,263,name-variants
75075,SET,AT-AT Micro,AT-AT Micro,USED,STORE,FOR_SALE,false,false,false,8.89,24.99,,15,30,,,264,name-variants
75075,SET,AT-AT Micro,AT-AT Micro,USED,STORE,FOR_SALE,false,false,false,8.77,24.99,,15,30,,,265,name-variants
75075,SET,AT-AT Micro,AT-AT Micro,USED,STORE,FOR_SALE,false,false,false,8,24.99,,15,30,,,266,name-variants
75075,SET,AT-AT Micro,AT-AT Micro,USED,STORE,FOR_SALE,false,false,false,8,24.99,,15,30,,,267,name-variants
75075,SET,AT-AT Micro,AT-AT Micro,USED,STORE,FOR_SALE,false,false,false,8,24.99,,15,30,,,268,name-variants
75075,SET,AT-AT Micro,AT-AT Micro,USED,STORE,FOR_SALE,false,false,false,7.56,24.99,,15,30,,,269,name-variants
75075,SET,At-AT Micro,AT-AT Micro,USED,STORE,FOR_SALE,false,false,false,7.56,24.99,,15,30,,,270,name-variants
75075,SET,AT-AT Micro,AT-AT Micro,USED,STORE,FOR_SALE,false,false,false,10.99,24.99,,15,30,,,271,name-variants
75075,SET,AT-AT Micro,AT-AT Micro,USED,UNKNOWN,FOR_SALE,false,false,false,8.99,,,15,30,,,272,name-variants
75076,SET,Republic Gunship Micro,Republic Gunship Micro,USED,STORE,SOLD,false,false,false,9.97,,44.99,20,50,,,273,
75076,SET,Republic Gunship Micro,Republic Gunship Micro,USED,STORE,FOR_SALE,false,false,false,7.47,44.99,,20,50,44.99,,274,
75076,SET,Republic Gunship Micro,Republic Gunship Micro,USED,STORE,SOLD,false,false,false,7.47,,44.99,20,50,,,275,
75076,SET,Republic Gunship Micro,Republic Gunship Micro,USED,STORAGE,SOLD,false,false,false,9.99,,44.99,20,50,,,276,
75076,SET,Republic Gunship Micro,Republic Gunship Micro,USED,STORAGE,LAYAWAY,false,false,false,9.99,,,20,50,,,277,
75076,SET,Republic Gunship Micro,Republic Gunship Micro,USED,STORAGE,FOR_SALE,false,false,false,9.99,,,20,50,,,278,
75076,SET,Republic Gunship Micro,Republic Gunship Micro,USED,STORE,FOR_SALE,false,false,false,9.97,,,20,50,,,279,
75076,SET,Republic Gunship Micro,Republic Gunship Micro,USED,HOME,FOR_SALE,false,false,false,9.97,44.99,,20,50,,,280,
75076,SET,Republic Gunship Micro,Republic Gunship Micro,USED,HOME,FOR_SALE,false,false,false,5.99,44.99,,20,50,,,281,
75076,SET,Republic Gunship Micro,Republic Gunship Micro,USED,HOME,FOR_SALE,false,false,false,8,44.99,,20,50,,,282,
75076,SET,Republic Gunship Micro,Republic Gunship Micro,USED,HOME,FOR_SALE,false,false,false,10.99,44.99,,20,50,,,283,
75077,SET,Homing Spider Droid Micro,Homing Spider Droid Micro,USED,HOME,FOR_SALE,false,false,false,9.99,44.99,,15,30,25.99,,284,"listing-vs-upcoming(pdf=44.99,up=25.99)"
75077,SET,Homing Spider Droid Micro,Homing Spider Droid Micro,USED,UNKNOWN,SOLD,false,false,false,9.49,25.99,24.99,,,25.99,Sold,285,
75077,SET,Homing Spider Droid Micro,Homing Spider Droid Micro,USED,STORE,FOR_SALE,false,false,false,9.49,22.09,,15,30,22.09,,286,
75077,SET,Homing Spider Droid Micro,Homing Spider Droid Micro,USED,STORAGE,LAYAWAY,false,false,false,9.49,,,15,30,,,287,
75077,SET,Homing Spider Droid Micro,Homing Spider Droid Micro,USED,STORE,FOR_SALE,false,false,false,8,24.99,,15,30,,,288,
75077,SET,Homing Spider Droid Micro,Homing Spider Droid Micro,USED,STORE,FOR_SALE,false,false,false,10.99,24.99,,15,30,,,289,
75078,SET,Imperial Troop Transport,Imperial Troop Transport,USED,STORE,FOR_SALE,false,false,false,7.99,39.99,,20,40,35.99,Combine figures worth $40,290,"listing-vs-upcoming(pdf=39.99,up=35.99)"
75078,SET,Imperial Troop Transport,Imperial Troop Transport,USED,STORE,FOR_SALE,false,false,false,12.97,39.99,,20,40,39.99,,291,
75078,SET,Imperial Troop Transport,Imperial Troop Transport,USED,STORE,FOR_SALE,false,false,false,12.97,39.99,,20,40,39.99,,292,
75078,SET,Imperial Troop Transport,Imperial Troop Transport,USED,STORE,FOR_SALE,false,false,false,12.34,39.99,,20,40,39.99,,293,
75078,SET,Imperial Troop Transport,Imperial Troop Transport,USED,STORE,LAYAWAY,false,false,false,12.34,39.99,,20,40,,,294,
75078,SET,Imperial Troop Transport,Imperial Troop Transport,USED,STORE,FOR_SALE,false,false,false,12.34,39.99,,20,40,,,295,
75078,SET,Imperial Troop Transport,Imperial Troop Transport,USED,HOME,FOR_SALE,false,false,false,12.34,,,20,40,,,296,
75078,SET,Imperial Troop Transport,Imperial Troop Transport,USED,HOME,FOR_SALE,false,false,false,11.19,,,20,40,,,297,
75078,SET,Imperial Troop Transport,Imperial Troop Transport,USED,HOME,FOR_SALE,false,false,false,11.19,,,20,40,,,298,
75078,SET,Imperial Troop Transport,Imperial Troop Transport,USED,STORE,SOLD,true,true,false,12.99,,39.99,,5,,,299,
75078,SET,Imperial Troop Transport,Imperial Troop Transport,USED,UNKNOWN,SOLD,false,false,false,12.99,,39.99,,,,Sold,300,"sold-conflict(xlsx=39.99,pdf=35.99)"
75078,SET,Imperial Troop Transport,Imperial Troop Transport,USED,UNKNOWN,SOLD,false,false,false,12.99,,35.99,,,,Sold,301,"sold-conflict(xlsx=35.99,pdf=39.99)"
75078,SET,Imperial Troop Transport,Imperial Troop Transport,USED,UNKNOWN,SOLD,false,false,false,12.99,,39.99,,,,Sold,302,
75078,SET,Imperial Troop Transport,Imperial Troop Transport,USED,UNKNOWN,SOLD,false,false,false,12.99,,39.99,,,,Sold,303,
75078,SET,Imperial Troop Transport,Imperial Troop Transport,USED,UNKNOWN,SOLD,false,false,false,7.99,,39.99,,,,Sold,304,
75079,SET,Shadow Troopers,Shadow Troopers,USED,UNKNOWN,SOLD,false,false,true,10.39,,49.99,30,50,,,305,
75079,SET,Shadow Troopers,Shadow Troopers,USED,UNKNOWN,SOLD,false,false,true,12.97,,49.99,30,50,,,306,
75079,SET,Shadow Troopers,Shadow Troopers,USED,UNKNOWN,LAYAWAY,false,false,true,9.51,,,30,50,,,307,
75079,SET,Shadow Troopers,Shadow Troopers,USED,STORE,FOR_SALE,false,false,false,12.97,,,30,50,,,308,
75079,SET,Shadow Troopers,Shadow Troopers,USED,STORE,FOR_SALE,false,false,false,12.97,,,30,50,,,309,
75079,SET,Shadow Troopers,Shadow Troopers,USED,STORE,FOR_SALE,false,false,false,12.97,,,30,50,,,310,
75079,SET,Shadow Troopers,Shadow Troopers,USED,STORAGE,FOR_SALE,false,false,false,11.19,,,30,50,,,311,
75079,SET,Shadow Troopers,Shadow Troopers,USED,STORAGE,FOR_SALE,false,false,false,12.99,,,30,50,,,312,
75079,SET,Shadow Troopers,Shadow Troopers,USED,STORE,FOR_SALE,false,false,false,12.99,49.99,,30,50,,,313,
75079,SET,Shadow Troopers,Shadow Troopers,USED,STORE,FOR_SALE,false,false,false,12.99,49.99,,30,50,,,314,
75079,SET,Shadow Troopers,Shadow Troopers,USED,STORE,FOR_SALE,false,false,false,12.99,49.99,,30,50,,,315,
75079,SET,Shadow Troopers,Shadow Troopers,USED,STORE,FOR_SALE,false,false,false,12.99,49.99,,30,50,,,316,
75079,SET,Shadow Troopers,Shadow Troopers,USED,STORE,FOR_SALE,false,false,false,9.99,49.99,,30,50,,,317,
75079,SET,Shadow Troopers,Shadow Troopers,USED,STORE,FOR_SALE,false,false,false,9.89,49.99,,30,50,,,318,
75079,SET,Shadow Troopers,Shadow Troopers,USED,STORE,FOR_SALE,true,true,false,9.89,,,,5,,,319,
75079,SET,Shadow Troopers,Shadow Troopers,USED,UNKNOWN,FOR_SALE,false,false,false,10.49,,,30,50,,,320,
75080,SET,AAT,AAT,USED,STORE,SOLD,false,false,false,24.29,89.99,89.99,,,,Sold,321,
75080,SET,AAT,AAT,USED,STORE,FOR_SALE,false,false,false,23.74,89.99,,45,100,,,322,
75080,SET,AAT,AAT,USED,UNKNOWN,SOLD,false,false,false,22.99,,89.99,,,,Sold,323,
75081,SET,T-16 Skyhopper,T-16 Skyhopper,USED,STORE,FOR_SALE,false,false,false,24.97,59.99,,40,60,49.99,,324,"listing-vs-upcoming(pdf=59.99,up=49.99)"
75081,SET,T-16 Skyhopper,T-16 Skyhopper,USED,STORE,FOR_SALE,false,false,false,23.74,,,40,60,,,325,
75082,SET,TIE Advanced Prototype,TIE Advanced Prototype,USED,STORE,FOR_SALE,false,false,false,39.97,90,,150,250,90,,326,
75082,SET,TIE Advanced Prototype,TIE Advanced Prototype,USED,STORE,FOR_SALE,false,false,false,39.97,,,150,250,,,327,
75082,SET,TIE Advanced Prototype,TIE Advanced Prototype,USED,STORE,FOR_SALE,false,false,false,39.97,229.99,,150,250,,,328,
75082,SET,TIE Advanced Prototype,TIE Advanced Prototype,USED,STORE,FOR_SALE,false,false,false,39.97,229.99,,150,250,,,329,
75082,SET,TIE Advanced Prototype,TIE Advanced Prototype,USED,STORAGE,FOR_SALE,false,false,false,0,,,150,250,,,330,cost-zero
75083,SET,AT-DP,AT-DP,USED,STORE,FOR_SALE,false,false,false,49.97,,,150,200,,,331,
75083,SET,AT-DP,AT-DP,USED,STORAGE,FOR_SALE,false,false,false,37.39,199.99,,150,200,,,332,
75083,SET,AT-DP,AT-DP,USED,STORAGE,FOR_SALE,false,false,false,49.99,,,150,200,,,333,
75084,SET,Wookie Gunship,Wookie Gunship,USED,UNKNOWN,SOLD,false,false,false,50.99,,150,,,,Sold,334,
75084,SET,Wookie Gunship,Wookie Gunship,USED,STORE,FOR_SALE,false,false,false,69.99,199.99,,160,200,127.5,,335,"listing-vs-upcoming(pdf=199.99,up=127.5)"
75085,SET,Hailfire Droid,Hailfire Droid,USED,STORE,FOR_SALE,false,false,false,19.99,,,70,150,,,336,
75085,SET,Hailfire Droid,Hailfire Droid,USED,STORAGE,FOR_SALE,false,false,false,18.99,,,70,150,,,337,
75085,SET,Hailfire Droid,Hailfire Droid,USED,STORAGE,FOR_SALE,false,false,false,19.99,,,70,150,,,338,
75085,SET,Hailfire Droid,Hailfire Droid,USED,STORE,FOR_SALE,false,false,false,18.99,139.99,,70,150,,,339,
75085,SET,Hailfire Droid,Hailfire Droid,USED,STORE,FOR_SALE,false,false,false,18,139.99,,70,150,,,340,
75086,SET,Battle Droid Troop Carrier,Battle Droid Troop Carrier,USED,STORE,SOLD,false,false,false,29.23,199.99,159.99,,,,Sold,341,
75086,SET,Battle Droid Troop Carrier,Battle Droid Troop Carrier,USED,STORE,FOR_SALE,false,false,false,38.69,149.99,,100,200,,,342,
75086,SET,Battle Droid Troop Carrier,Battle Droid Troop Carrier,USED,UNKNOWN,SOLD,false,false,false,38.69,,159.99,,,,Sold,343,
75087,SET,Anakin's Custom Jedi Starfighter,Anakin's Custom Jedi Starfighter,USED,STORE,LAYAWAY,false,false,false,29.23,,,200,300,,,344,
75087,SET,Anakin's Custom Jedi Starfighter,Anakin's Custom Jedi Starfighter,USED,STORE,FOR_SALE,false,false,false,39.97,249.99,,200,300,249.99,,345,
75087,SET,Anakin's Custom Jedi Starfighter,Anakin's Custom Jedi Starfighter,USED,STORAGE,FOR_SALE,false,false,false,39.97,,,200,300,,,346,
75088,SET,Senate Command Troopers,Senate Command Troopers,USED,UNKNOWN,SOLD,false,false,true,10.39,,54.99,40,60,,Figures combined value $60,347,
75088,SET,Senate Command Troopers,Senate Command Troopers,USED,UNKNOWN,SOLD,false,false,true,12.97,,54.99,40,60,,,348,
75088,SET,Senate Command Troopers,Senate Command Troopers,USED,STORE,LAYAWAY,false,false,false,12.97,,,40,60,,,349,
75088,SET,Senate Command Troopers,Senate Command Troopers,USED,STORAGE,FOR_SALE,false,false,false,12.99,,,40,60,,,350,
75088,SET,Senate Command Troopers,Senate Command Troopers,USED,STORAGE,FOR_SALE,false,false,false,12.99,,,40,60,,,351,
75088,SET,Senate Command Troopers,Senate Command Troopers,USED,STORE,FOR_SALE,false,false,false,12.99,59.99,,40,60,,,352,
75088,SET,Senate Command Troopers,Senate Command Troopers,USED,STORE,FOR_SALE,false,false,false,12.99,59.99,,40,60,,,353,
75088,SET,Senate Command Troopers,Senate Command Troopers,USED,STORE,FOR_SALE,false,false,false,12.99,59.99,,40,60,,,354,
75088,SET,Senate Command Troopers,Senate Command Troopers,USED,STORE,FOR_SALE,true,true,false,7.99,,,,5,,,355,
75088,SET,Senate Command Troopers,Senate Command Troopers,USED,UNKNOWN,SOLD,false,false,false,9.19,,54.99,,,,Sold,356,
75089,SET,Genosis Troopers,Geonosis Troopers,USED,UNKNOWN,FOR_SALE,false,false,true,7.99,69.99,,50,75,69.99,,357,name-variants
75089,SET,Geonosis Troopers,Geonosis Troopers,USED,UNKNOWN,FOR_SALE,false,false,true,9.51,69.99,,50,75,69.99,Figure combined value $80,358,name-variants
75089,SET,Geonosis Troopers,Geonosis Troopers,USED,UNKNOWN,SOLD,false,false,true,12.97,,59.99,50,75,,,359,name-variants
75089,SET,Geonosis Troopers,Geonosis Troopers,USED,UNKNOWN,SOLD,false,false,true,12.97,,69.99,50,75,,,360,name-variants
75089,SET,Geonosis Troopers,Geonosis Troopers,USED,STORE,SOLD,false,false,false,12.59,,69.99,50,75,,,361,name-variants
75089,SET,Geonosis Troopers,Geonosis Troopers,USED,STORE,SOLD,false,false,false,12.97,,69.99,50,75,,,362,name-variants
75089,SET,Geonosis Troopers,Geonosis Troopers,USED,STORE,SOLD,false,false,false,11.19,,69.99,50,75,,,363,name-variants
75089,SET,Geonosis Troopers,Geonosis Troopers,USED,STORAGE,FOR_SALE,false,false,false,11.19,,,50,75,,,364,name-variants
75089,SET,Geonosis Troopers,Geonosis Troopers,USED,STORE,FOR_SALE,true,true,false,11.19,,,,5,,,365,name-variants
75089,SET,Geonosis Troopers,Geonosis Troopers,USED,STORE,FOR_SALE,false,false,false,12.99,69.99,,50,75,,,366,name-variants
75089,SET,Geonosis Troopers,Geonosis Troopers,USED,STORE,FOR_SALE,false,false,false,12.99,69.99,,50,75,,,367,name-variants
75089,SET,Geonosis Troopers,Geonosis Troopers,USED,STORE,FOR_SALE,false,false,false,12.99,69,,50,75,,,368,name-variants
75089,SET,Geonosis Troopers,Geonosis Troopers,USED,STORE,FOR_SALE,false,false,false,12.99,69.99,,50,75,,,369,name-variants
75089,SET,Geonosis Troopers,Geonosis Troopers,USED,STORE,FOR_SALE,false,false,false,12.99,69.99,,50,75,,,370,name-variants
75089,SET,Geonosis Troopers,Geonosis Troopers,USED,STORE,FOR_SALE,false,false,false,9.89,69.99,,50,75,,,371,name-variants
75089,SET,Geonosis Troopers,Geonosis Troopers,USED,STORE,FOR_SALE,false,false,false,10.39,69.99,,50,75,,,372,name-variants
75090,SET,Ezra's Speeder Bike,Ezra's Speeder Bike,USED,STORE,SOLD,false,false,false,19.97,,100,90,120,,,373,
75090,SET,Ezra's Speeder Bike,Ezra's Speeder Bike,USED,STORE,FOR_SALE,false,false,false,19.97,109.99,,90,120,109.99,"Box opened, will certify",374,
75090,SET,Ezra's Speeder Bike,Ezra's Speeder Bike,USED,UNKNOWN,SOLD,false,false,false,19.99,,100,,,,Sold,375,
75090,SET,Ezra's Speeder Bike,Ezra's Speeder Bike,USED,STORE,FOR_SALE,false,false,false,19.97,119.99,,90,120,,,376,
75091,SET,Flash Speeder,Flash Speeder,USED,STORE,FOR_SALE,false,false,false,29.24,59.99,,40,60,,,377,
75092,SET,Naboo Starfighter,Naboo Starfighter,USED,STORE,LAYAWAY,false,false,false,49.99,,,150,250,,,378,
75092,SET,Naboo Starfighter,Naboo Starfighter,USED,STORE,FOR_SALE,false,false,false,39.99,229.99,,150,250,,,379,
75093,SET,Death Star Final Dual,Death Star Final Dual,USED,STORE,LAYAWAY,false,false,false,76.49,149.99,,100,150,,,380,
75093,SET,Death Star Final Dual,Death Star Final Dual,USED,STORE,FOR_SALE,false,false,false,71.09,149.99,,100,150,,,381,
75093,SET,Death Star Final Dual,Death Star Final Dual,USED,STORAGE,FOR_SALE,false,false,false,56,,,100,150,,,382,
75094,SET,Imperial Shuttle Tydirium,Imperial Shuttle Tydirium,USED,STORE,FOR_SALE,false,false,false,94.49,189.99,,150,250,189.99,,383,
75094,SET,Imperial Shuttle Tydirium,Imperial Shuttle Tydirium,USED,STORE,FOR_SALE,false,false,false,75,229.99,,150,250,,,384,
75094,SET,Imperial Shuttle Tydirium,Imperial Shuttle Tydirium,USED,STORAGE,FOR_SALE,false,false,false,74.99,,,150,250,,,385,
75095,SET,TIE Fighter UCS,TIE Fighter UCS,USED,UNKNOWN,SOLD,false,false,false,189.99,239.99,299.99,,,,Sold,386,
75095,SET,TIE Fighter UCS,TIE Fighter UCS,USED,UNKNOWN,SOLD,false,false,false,189.99,339.99,300,,,,Sold,387,
75096,SET,Sith Infiltrator,Sith Infiltrator,USED,UNKNOWN,SOLD,false,false,false,85.49,299.99,299.99,,,,Sold,388,
75096,SET,Sith Infiltrator,Sith Infiltrator,USED,STORE,LAYAWAY,false,false,false,79,299.99,,250,300,,,389,
75096,SET,Sith Infiltrator,Sith Infiltrator,USED,UNKNOWN,SOLD,false,false,false,35.39,,299.99,,,,,390,
75098,SET,Assault on Hoth UCS,Assault on Hoth UCS,USED,UNKNOWN,SOLD,false,false,false,232.5,,700,,,,Sold,391,
75098,SET,Assault on Hoth UCS,Assault on Hoth UCS,USED,STORE,FOR_SALE,false,false,false,229.99,,,650,700,,,392,
75098,SET,Assault on Hoth UCS,Assault on Hoth UCS,USED,STORAGE,FOR_SALE,false,false,false,224.99,,,650,700,,,393,
75099,SET,Rey's Speeder,Rey's Speeder,USED,STORE,SOLD,false,false,false,17.99,,39.99,20,40,,,394,
75099,SET,Rey's Speeder,Rey's Speeder,USED,STORAGE,FOR_SALE,false,false,false,14,,,20,40,,,395,
75099,SET,Rey's Speeder,Rey's Speeder,USED,STORAGE,FOR_SALE,false,false,false,13,,,20,40,,,396,
75099,SET,Rey's Speeder,Rey's Speeder,USED,STORAGE,FOR_SALE,false,false,false,12.27,,,20,40,,,397,
75099,SET,Rey's Speeder,Rey's Speeder,USED,HOME,FOR_SALE,false,false,false,,,,20,40,,,398,cost-unknown
75100,SET,First Order Snowspeeder,First Order Snowspeeder,USED,STORE,FOR_SALE,false,false,false,31,,,40,60,,,399,
75100,SET,First Order Snowspeeder,First Order Snowspeeder,USED,STORAGE,FOR_SALE,false,false,false,29.99,,,40,60,,,400,
75101,SET,First Order Special Forces TIE Fighter,First Order Special Forces TIE Fighter,USED,STORE,FOR_SALE,false,false,false,50,,,80,120,,,401,
75101,SET,First Order Special Forces TIE Fighter,First Order Special Forces TIE Fighter,USED,STORE,FOR_SALE,false,false,false,39.99,119.99,,80,120,,,402,
75101,SET,First Order Special Forces TIE Fighter,First Order Special Forces TIE Fighter,USED,STORAGE,FOR_SALE,false,false,false,55,,,80,120,,,403,
75102,SET,Poe's X-Wing Fighter,Poe's X-Wing Fighter,USED,STORE,FOR_SALE,false,false,false,79.99,129.99,,80,150,129.99,,404,
75102,SET,Poe's X-Wing Fighter,Poe's X-Wing Fighter,USED,STORE,FOR_SALE,false,false,false,79.99,129.99,,80,150,,,405,
75102,SET,Poe's X-Wing Fighter,Poe's X-Wing Fighter,USED,UNKNOWN,FOR_SALE,false,false,false,74.39,,,80,150,,,406,
75103,SET,First Order Transport,First Order Transporter,USED,STORE,SOLD,false,false,false,69,,199.99,150,300,,,407,name-variants
75103,SET,First Order Transporter,First Order Transporter,USED,STORE,FOR_SALE,false,false,false,70,,,150,300,,,408,name-variants
75103,SET,First Order Transporter,First Order Transporter,USED,STORAGE,FOR_SALE,false,false,false,60.51,,,150,300,,,409,name-variants
75103,SET,First Order Transporter,First Order Transporter,USED,STORE,FOR_SALE,false,false,false,56,299.99,,150,300,,,410,name-variants
75103,SET,First Order Transporter,First Order Transporter,USED,STORE,FOR_SALE,false,false,false,,299.99,,150,300,,,411,cost-unknown;name-variants
75103,SET,First Order Transporter,First Order Transporter,USED,HOME,FOR_SALE,false,false,false,,,,150,300,,,412,cost-unknown;name-variants
75104,SET,Kylo Ren's Command Shuttle,Kylo Ren's Command Shuttle,USED,STORE,SOLD,false,false,false,84,149.99,149.99,90,150,,,413,
75104,SET,Kylo Ren's Command Shuttle,Kylo Ren's Command Shuttle,USED,STORE,FOR_SALE,false,false,false,85.89,149.99,,90,150,89.99,,414,"listing-vs-upcoming(pdf=149.99,up=89.99)"
75104,SET,Kylo Ren's Command Shuttle,Kylo Ren's Command Shuttle,USED,STORAGE,FOR_SALE,false,false,false,69,,,90,150,,,415,
75105,SET,Millennium Falcon,Millennium Falcon,USED,STORAGE,FOR_SALE,false,false,false,119,,,120,200,,,416,
75105,SET,Millennium Falcon,Millennium Falcon,USED,STORAGE,FOR_SALE,false,false,false,134.99,,,120,200,,,417,
75105,SET,Millennium Falcon,Millennium Falcon,USED,STORE,SOLD,false,false,false,111,199.99,84,,,,Layaway,418,"sold-conflict(xlsx=84,pdf=0)"
75105,SET,Millennium Falcon,Millennium Falcon,USED,UNKNOWN,SOLD,false,false,false,129,,199.99,,,,Sold (Built w/figs),419,"sold-conflict(xlsx=199.99,pdf=64)"
75105,SET,Millennium Falcon,Millennium Falcon,USED,UNKNOWN,FOR_SALE,false,false,false,99.99,,,120,200,,,420,
75106,SET,Imperial Assault Carrier,Imperial Assault Carrier,USED,STORE,LAYAWAY,false,false,false,85,399.99,,360,400,,,421,
75106,SET,Imperial Assault Carrier,Imperial Assault Carrier,USED,STORE,SOLD,false,false,false,79.99,,300,360,400,,,422,
75110,SET,Luke Skywalker (Technic),Luke Skywalker (Technic),USED,STORE,FOR_SALE,true,false,false,,,,,,,,423,cost-unknown
75111,SET,Darth Vader (Technic),Darth Vader (Technic),USED,UNKNOWN,SOLD,false,false,false,,64.99,64.99,,,,Sold,424,cost-unknown
75111,SET,Darth Vader (Technic),Darth Vader (Technic),USED,STORE,SOLD,false,false,false,,64.99,64.99,50,70,,,425,cost-unknown
75112,SET,General Grevious (Technic),General Grevious (Technic),USED,HOME,LAYAWAY,false,false,false,,,,,,,,426,cost-unknown
75117,SET,Kylo Ren (Technic),Kylo Ren (Technic),USED,STORE,LAYAWAY,false,false,false,,49.99,,30,50,,,427,cost-unknown
75117,SET,Kylo Ren (Technic),Kylo Ren (Technic),USED,STORE,SOLD,false,false,false,,49.99,49.99,30,50,,,428,cost-unknown
75125,SET,Resistance X-Wing Fighter Micro,Resistance X-Wing Fighter Micro,USED,STORE,SOLD,false,false,false,9,,19.99,15,20,,,429,
75125,SET,Resistance X-Wing Fighter Micro,Resistance X-Wing Fighter Micro,USED,STORE,SOLD,false,false,false,8.99,,19.99,15,20,,,430,
75125,SET,Resistance X-Wing Fighter Micro,Resistance X-Wing Fighter Micro,USED,STORE,SOLD,false,false,false,8.99,,19.99,15,20,,,431,
75125,SET,Resistance X-Wing Fighter Micro,Resistance X-Wing Fighter Micro,USED,STORAGE,FOR_SALE,false,false,false,8.99,17.99,,15,20,17.99,,432,
75125,SET,Resistance X-Wing Fighter Micro,Resistance X-Wing Fighter Micro,USED,STORAGE,FOR_SALE,false,false,false,8.99,19.99,,15,20,19.99,,433,
75125,SET,Resistance X-Wing Fighter Micro,Resistance X-Wing Fighter Micro,USED,STORAGE,FOR_SALE,false,false,false,8.99,19.99,,15,20,19.99,,434,
75125,SET,Resistance X-Wing Fighter Micro,Resistance X-Wing Fighter Micro,USED,STORAGE,FOR_SALE,false,false,false,8.99,,,15,20,,,435,
75125,SET,Resistance X-Wing Fighter Micro,Resistance X-Wing Fighter Micro,USED,STORAGE,FOR_SALE,false,false,false,8.88,,,15,20,,,436,
75125,SET,Resistance X-Wing Fighter Micro,Resistance X-Wing Fighter Micro,USED,STORAGE,FOR_SALE,false,false,false,9,,,15,20,,,437,
75125,SET,Resistance X-Wing Fighter Micro,Resistance X-Wing Fighter Micro,USED,STORAGE,FOR_SALE,false,false,false,9,,,15,20,,,438,
75125,SET,Resistance X-Wing Fighter Micro,Resistance X-Wing Fighter Micro,USED,STORAGE,FOR_SALE,false,false,false,9,,,15,20,,,439,
75125,SET,Resistance X-Wing Fighter Micro,Resistance X-Wing Fighter Micro,USED,STORAGE,FOR_SALE,false,false,false,8,,,15,20,,,440,
75125,SET,Resistance X-Wing Fighter Micro,Resistance X-Wing Fighter Micro,USED,STORAGE,FOR_SALE,false,false,false,8,,,15,20,,,441,
75125,SET,Resistance X-Wing Fighter Micro,Resistance X-Wing Fighter Micro,USED,STORAGE,FOR_SALE,false,false,false,8,,,15,20,,,442,
75125,SET,Resistance X-Wing Fighter Micro,Resistance X-Wing Fighter Micro,USED,STORAGE,FOR_SALE,false,false,false,7.56,,,15,20,,,443,
75125,SET,Resistance X-Wing Fighter Micro,Resistance X-Wing Fighter Micro,USED,STORAGE,FOR_SALE,false,false,false,8.99,,,15,20,,,444,
75125,SET,Resistance X-Wing Fighter Micro,Resistance X-Wing Fighter Micro,USED,STORE,SOLD,false,false,false,8.99,19.99,19.99,,,,Sold,445,
75125,SET,Resistance X-Wing Fighter Micro,Resistance X-Wing Fighter Micro,USED,STORE,FOR_SALE,false,false,false,8.84,19.99,,15,20,,,446,
75125,SET,Resistance X-Wing Fighter Micro,Resistance X-Wing Fighter Micro,USED,STORE,FOR_SALE,false,false,false,8.84,19.99,,15,20,,,447,
75125,SET,Resistance X-Wing Fighter Micro,Resistance X-Wing Fighter Micro,USED,STORE,FOR_SALE,false,false,false,6.12,19.99,,15,20,,,448,
75125,SET,Resistance X-Wing Fighter Micro,Resistance X-Wing Fighter Micro,USED,STORE,FOR_SALE,false,false,false,5.12,19.99,,15,20,,,449,
75125,SET,Resistance X-Wing Fighter Micro,Resistance X-Wing Fighter Micro,USED,STORE,FOR_SALE,false,false,false,5.12,19.99,,15,20,,,450,
75125,SET,Resistance X-Wing Fighter Micro,Resistance X-Wing Fighter Micro,USED,STORE,FOR_SALE,false,false,false,5.12,19.99,,15,20,,,451,
75125,SET,Resistance X-Wing Fighter Micro,Resistance X-Wing Fighter Micro,USED,STORE,FOR_SALE,false,false,false,5.12,19.99,,15,20,,,452,
75125,SET,Resistance X-Wing Fighter Micro,Resistance X-Wing Fighter Micro,USED,UNKNOWN,SOLD,false,false,false,5.12,,19.99,,,,Sold,453,
75125,SET,Resistance X-Wing Fighter Micro,Resistance X-Wing Fighter Micro,USED,STORE,FOR_SALE,false,false,false,5.12,19.99,,15,20,,,454,
75125,SET,Resistance X-Wing Fighter Micro,Resistance X-Wing Fighter Micro,USED,HOME,FOR_SALE,false,false,false,5.12,,,15,20,,,455,
75125,SET,Resistance X-Wing Fighter Micro,Resistance X-Wing Fighter Micro,USED,HOME,FOR_SALE,false,false,false,5.12,,,15,20,,,456,
75125,SET,Resistance X-Wing Fighter Micro,Resistance X-Wing Fighter Micro,USED,UNKNOWN,FOR_SALE,false,false,false,6.12,,,15,20,,,457,
75125,SET,Resistance X-Wing Fighter Micro,Resistance X-Wing Fighter Micro,USED,UNKNOWN,FOR_SALE,false,false,false,4,,,15,20,,,458,
75126,SET,First Order Snowspeeder Micro,First Order Snowspeeder Micro,USED,STORE,SOLD,false,false,false,9,,19.99,15,20,,,459,
75126,SET,First Order Snowspeeder Micro,First Order Snowspeeder Micro,USED,STORE,SOLD,false,false,false,9,,19.99,15,20,,,460,
75126,SET,First Order Snowspeeder Micro,First Order Snowspeeder Micro,USED,STORE,FOR_SALE,false,false,false,8.99,19.99,,15,20,19.99,,461,
75126,SET,First Order Snowspeeder Micro,First Order Snowspeeder Micro,USED,STORE,FOR_SALE,false,false,false,8.99,19.99,,15,20,19.99,,462,
75126,SET,First Order Snowspeeder Micro,First Order Snowspeeder Micro,USED,STORAGE,FOR_SALE,false,false,false,8.99,19.99,,15,20,19.99,,463,
75126,SET,First Order Snowspeeder Micro,First Order Snowspeeder Micro,USED,STORAGE,FOR_SALE,false,false,false,8.99,,,15,20,,,464,
75126,SET,First Order Snowspeeder Micro,First Order Snowspeeder Micro,USED,STORAGE,FOR_SALE,false,false,false,8.1,,,15,20,,,465,
75126,SET,First Order Snowspeeder Micro,First Order Snowspeeder Micro,USED,STORAGE,FOR_SALE,false,false,false,8.1,,,15,20,,,466,
75126,SET,First Order Snowspeeder Micro,First Order Snowspeeder Micro,USED,STORAGE,FOR_SALE,false,false,false,8.1,,,15,20,,,467,
75126,SET,First Order Snowspeeder Micro,First Order Snowspeeder Micro,USED,STORAGE,FOR_SALE,false,false,false,8.1,,,15,20,,,468,
75126,SET,First Order Snowspeeder Micro,First Order Snowspeeder Micro,USED,STORAGE,FOR_SALE,false,false,false,8.1,,,15,20,,,469,
75126,SET,First Order Snowspeeder Micro,First Order Snowspeeder Micro,USED,STORAGE,FOR_SALE,false,false,false,8,,,15,20,,,470,
75126,SET,First Order Snowspeeder Micro,First Order Snowspeeder Micro,USED,STORAGE,FOR_SALE,false,false,false,7.56,,,15,20,,,471,
75126,SET,First Order Snowspeeder Micro,First Order Snowspeeder Micro,USED,STORE,FOR_SALE,false,false,false,8.99,19.99,,15,20,,,472,
75126,SET,First Order Snowspeeder Micro,First Order Snowspeeder Micro,USED,STORE,FOR_SALE,false,false,false,4,19.99,,15,20,,,473,
75126,SET,First Order Snowspeeder Micro,First Order Snowspeeder Micro,USED,STORE,FOR_SALE,false,false,false,7.99,19.99,,15,20,,,474,
75126,SET,First Order Snowspeeder Micro,First Order Snowspeeder Micro,USED,STORE,FOR_SALE,false,false,false,7.99,19.99,,15,20,,,475,
75126,SET,First Order Snowspeeder Micro,First Order Snowspeeder Micro,USED,STORE,FOR_SALE,false,false,false,7.99,19.99,,15,20,,,476,
75126,SET,First Order Snowspeeder Micro,First Order Snowspeeder Micro,USED,STORE,FOR_SALE,false,false,false,7.99,19.99,,15,20,,,477,
75127,SET,The Ghost Micro,The Ghost Micro,USED,STORE,SOLD,false,false,false,9,,49.99,30,50,,,478,
75127,SET,The Ghost Micro,The Ghost Micro,USED,STORE,SOLD,false,false,false,9,,49.99,30,50,,,479,
75127,SET,The Ghost Micro,The Ghost Micro,USED,STORE,SOLD,false,false,false,8.99,,49.99,30,50,,,480,
75127,SET,The Ghost Micro,The Ghost Micro,USED,STORE,SOLD,false,false,false,8.99,,45.99,30,50,,,481,
75127,SET,The Ghost Micro,The Ghost Micro,USED,STORAGE,SOLD,false,false,false,8.99,,49.99,30,50,,,482,
75127,SET,The Ghost Micro,The Ghost Micro,USED,STORAGE,FOR_SALE,false,false,false,8.99,30,,30,50,30,,483,
75127,SET,The Ghost Micro,The Ghost Micro,USED,STORAGE,FOR_SALE,false,false,false,8.99,39.09,,30,50,39.09,,484,
75127,SET,The Ghost Micro,The Ghost Micro,USED,STORAGE,FOR_SALE,false,false,false,8.1,49.99,,30,50,49.99,,485,
75127,SET,The Ghost Micro,The Ghost Micro,USED,STORAGE,FOR_SALE,false,false,false,8.1,,,30,50,,,486,
75127,SET,The Ghost Micro,The Ghost Micro,USED,STORAGE,FOR_SALE,false,false,false,8.1,,,30,50,,,487,
75127,SET,The Ghost Micro,The Ghost Micro,USED,STORAGE,FOR_SALE,false,false,false,7.56,,,30,50,,,488,
75127,SET,The Ghost Micro,The Ghost Micro,USED,STORAGE,FOR_SALE,false,false,false,7.56,,,30,50,,,489,
75127,SET,The Ghost Micro,The Ghost Micro,USED,STORAGE,FOR_SALE,false,false,false,7.99,,,30,50,,,490,
75127,SET,The Ghost Micro,The Ghost Micro,USED,STORAGE,FOR_SALE,false,false,false,7.99,,,30,50,,,491,
75127,SET,The Ghost Micro,The Ghost Micro,USED,STORE,FOR_SALE,false,false,false,7.99,49.99,,30,50,,,492,
75127,SET,The Ghost Micro,The Ghost Micro,USED,STORE,FOR_SALE,false,false,false,6.12,49.99,,30,50,,,493,
75127,SET,The Ghost Micro,The Ghost Micro,USED,STORE,FOR_SALE,false,false,false,5.12,49.99,,30,50,,,494,
75127,SET,The Ghost Micro,The Ghost Micro,USED,STORE,FOR_SALE,false,false,false,5.12,49.99,,30,50,,,495,
75127,SET,The Ghost Micro,The Ghost Micro,USED,STORE,FOR_SALE,false,false,false,5.12,49.99,,30,50,,,496,
75127,SET,The Ghost Micro,The Ghost Micro,USED,HOME,FOR_SALE,false,false,false,5.12,,,30,50,,,497,
75128,SET,TIE Advanced Prototype Micro,TIE Advanced Prototype Micro,USED,STORE,SOLD,false,false,false,8.99,,19.99,15,25,,,498,
75128,SET,TIE Advanced Prototype Micro,TIE Advanced Prototype Micro,USED,STORE,SOLD,false,false,false,8.99,,19.99,15,25,,,499,
75128,SET,TIE Advanced Prototype Micro,TIE Advanced Prototype Micro,USED,STORE,SOLD,false,false,false,8.99,,24.99,15,25,,,500,
75128,SET,TIE Advanced Prototype Micro,TIE Advanced Prototype Micro,USED,STORE,SOLD,false,false,false,8.99,,24.99,15,25,,,501,
75128,SET,TIE Advanced Prototype Micro,TIE Advanced Prototype Micro,USED,STORAGE,SOLD,false,false,false,8.99,,19.99,15,25,,,502,
75128,SET,TIE Advanced Prototype Micro,TIE Advanced Prototype Micro,USED,STORAGE,FOR_SALE,false,false,false,8.99,19.99,,15,25,19.99,,503,
75128,SET,TIE Advanced Prototype Micro,TIE Advanced Prototype Micro,USED,STORAGE,FOR_SALE,false,false,false,7.19,19.99,,15,25,19.99,,504,
75128,SET,TIE Advanced Prototype Micro,TIE Advanced Prototype Micro,USED,STORAGE,FOR_SALE,false,false,false,7.19,24.99,,15,25,24.99,,505,
75128,SET,TIE Advanced Prototype Micro,TIE Advanced Prototype Micro,USED,STORAGE,FOR_SALE,false,false,false,7.19,,,15,25,,,506,
75128,SET,TIE Advanced Prototype Micro,TIE Advanced Prototype Micro,USED,STORAGE,FOR_SALE,false,false,false,7.19,,,15,25,,,507,
75128,SET,TIE Advanced Prototype Micro,TIE Advanced Prototype Micro,USED,STORE,FOR_SALE,false,false,false,7.56,24.99,,15,25,,,508,
75128,SET,TIE Advanced Prototype Micro,TIE Advanced Prototype Micro,USED,STORE,FOR_SALE,false,false,false,7.56,24.99,,15,25,,,509,
75128,SET,TIE Advanced Prototype Micro,TIE Advanced Prototype Micro,USED,STORE,FOR_SALE,false,false,false,7.56,24.99,,15,25,,,510,
75128,SET,TIE Advanced Prototype Micro,TIE Advanced Prototype Micro,USED,UNKNOWN,SOLD,false,false,false,8.69,,19.99,,,,Sold,511,
75128,SET,TIE Advanced Prototype Micro,TIE Advanced Prototype Micro,USED,UNKNOWN,SOLD,false,false,false,8.69,,19.99,,,,Sold,512,
75128,SET,TIE Advanced Prototype Micro,TIE Advanced Prototype Micro,USED,UNKNOWN,FOR_SALE,false,false,false,7.99,,,15,25,,,513,
75128,SET,TIE Advanced Prototype Micro,TIE Advanced Prototype Micro,USED,UNKNOWN,FOR_SALE,false,false,false,7.99,,,15,25,,,514,
75129,SET,Wookie Gunship Micro,Wookie Gunship Micro,USED,STORE,SOLD,false,false,false,9,,24.99,15,25,,,515,
75129,SET,Wookie Gunship Micro,Wookie Gunship Micro,USED,STORAGE,SOLD,false,false,false,9,,24.99,15,25,,,516,
75129,SET,Wookie Gunship Micro,Wookie Gunship Micro,USED,STORAGE,SOLD,false,false,false,8.99,,24.99,15,25,,,517,
75129,SET,Wookie Gunship Micro,Wookie Gunship Micro,USED,STORAGE,SOLD,false,false,false,8.99,,24.99,15,25,,,518,
75129,SET,Wookie Gunship Micro,Wookie Gunship Micro,USED,STORAGE,SOLD,false,false,false,9.89,,14.99,15,25,,,519,
75129,SET,Wookie Gunship Micro,Wookie Gunship Micro,USED,STORAGE,SOLD,false,false,false,7.19,,24.99,15,25,,,520,
75129,SET,Wookie Gunship Micro,Wookie Gunship Micro,USED,STORAGE,FOR_SALE,false,false,false,7.19,24.99,,15,25,24.99,,521,
75129,SET,Wookie Gunship Micro,Wookie Gunship Micro,USED,STORAGE,FOR_SALE,false,false,false,7.19,24.99,,15,25,24.99,,522,
75129,SET,Wookie Gunship Micro,Wookie Gunship Micro,USED,STORAGE,FOR_SALE,false,false,false,7,,,15,25,,,523,
75129,SET,Wookie Gunship Micro,Wookie Gunship Micro,USED,STORAGE,FOR_SALE,false,false,false,7.56,,,15,25,,,524,
75129,SET,Wookie Gunship Micro,Wookie Gunship Micro,USED,STORE,FOR_SALE,false,false,false,7.56,24.99,,15,25,,,525,
75129,SET,Wookie Gunship Micro,Wookie Gunship Micro,USED,STORE,FOR_SALE,false,false,false,7.56,24.99,,15,25,,,526,
75129,SET,Wookie Gunship Micro,Wookie Gunship Micro,USED,STORE,FOR_SALE,false,false,false,7.99,24.99,,15,25,,,527,
75129,SET,Wookie Gunship Micro,Wookie Gunship Micro,USED,STORE,FOR_SALE,false,false,false,7.99,24.99,,15,25,,,528,
75129,SET,Wookie Gunship Micro,Wookie Gunship Micro,USED,UNKNOWN,SOLD,false,false,false,7.99,,24.99,,,,Sold,529,
75129,SET,Wookie Gunship Micro,Wookie Gunship Micro,USED,STORE,FOR_SALE,false,false,false,7.99,24.99,,15,25,,,530,
75130,SET,AT-DP Micro,AT-DP Micro,USED,STORE,SOLD,false,false,false,8.99,,24.99,15,30,,,531,
75130,SET,AT-DP Micro,AT-DP Micro,USED,STORE,FOR_SALE,false,false,false,8.99,22.49,,15,30,22.49,,532,
75130,SET,AT-DP Micro,AT-DP Micro,USED,STORE,FOR_SALE,false,false,false,9,,,15,30,,,533,
75130,SET,AT-DP Micro,AT-DP Micro,USED,STORAGE,FOR_SALE,false,false,false,8.99,,,15,30,,,534,
75130,SET,AT-DP Micro,AT-DP Micro,USED,STORAGE,FOR_SALE,false,false,false,6.74,,,15,30,,,535,
75130,SET,AT-DP Micro,AT-DP Micro,USED,STORAGE,FOR_SALE,false,false,false,6.74,,,15,30,,,536,
75130,SET,AT-DP Micro,AT-DP Micro,USED,STORAGE,FOR_SALE,false,false,false,6.74,,,15,30,,,537,
75130,SET,AT-DP Micro,AT-DP Micro,USED,STORAGE,FOR_SALE,false,false,false,6.74,,,15,30,,,538,
75130,SET,AT-DP Micro,AT-DP Micro,USED,STORAGE,FOR_SALE,false,false,false,8.99,,,15,30,,,539,
75130,SET,AT-DP Micro,AT-DP Micro,USED,STORAGE,FOR_SALE,false,false,false,7.19,,,15,30,,,540,
75130,SET,AT-DP Micro,AT-DP Micro,USED,STORAGE,FOR_SALE,false,false,false,7.19,,,15,30,,,541,
75130,SET,AT-DP Micro,AT-DP Micro,USED,STORE,FOR_SALE,false,false,false,8,24.99,,15,30,,,542,
75130,SET,AT-DP Micro,AT-DP Micro,USED,STORE,FOR_SALE,false,false,false,7.56,24.99,,15,30,,,543,
75130,SET,AT-DP Micro,AT-DP Micro,USED,STORE,FOR_SALE,false,false,false,7.56,24.99,,15,30,,,544,
75130,SET,AT-DP Micro,AT-DP Micro,USED,STORE,FOR_SALE,false,false,false,8.99,24.99,,15,30,,,545,
75130,SET,AT-DP Micro,AT-DP Micro,USED,STORE,FOR_SALE,false,false,false,7.99,24.99,,15,30,,,546,
75131,SET,Resistance Trooper Battle Pack,Resistance Trooper Battle Pack,USED,STORE,SOLD,false,false,false,11.7,,25.99,15,30,,,547,
75131,SET,Resistance Trooper Battle Pack,Resistance Trooper Battle Pack,USED,STORAGE,SOLD,false,false,false,11.7,,29.99,15,30,,,548,
75131,SET,Resistance Trooper Battle Pack,Resistance Trooper Battle Pack,USED,STORAGE,SOLD,false,false,false,11.69,,25.99,15,30,,,549,
75131,SET,Resistance Trooper Battle Pack,Resistance Trooper Battle Pack,USED,STORAGE,FOR_SALE,false,false,false,11.69,29.99,,15,30,29.99,,550,
75131,SET,Resistance Trooper Battle Pack,Resistance Trooper Battle Pack,USED,STORAGE,FOR_SALE,false,false,false,8.99,29.99,,15,30,29.99,,551,
75131,SET,Resistance Trooper Battle Pack,Resistance Trooper Battle Pack,USED,STORAGE,FOR_SALE,false,false,false,11.69,,,15,30,,,552,
75131,SET,Resistance Trooper Battle Pack,Resistance Trooper Battle Pack,USED,STORE,FOR_SALE,false,false,false,10.25,29.99,,15,30,,,553,
75131,SET,Resistance Trooper Battle Pack,Resistance Trooper Battle Pack,USED,STORE,FOR_SALE,false,false,false,10.25,29.99,,15,30,,,554,
75131,SET,Resistance Trooper Battle Pack,Resistance Trooper Battle Pack,USED,STORE,FOR_SALE,false,false,false,10.39,29.99,,15,30,,,555,
75131,SET,Resistance Trooper Battle Pack,Resistance Trooper Battle Pack,USED,UNKNOWN,SOLD,false,false,false,10.39,,25.99,,,,Sold,556,
75132,SET,First Order Battle Pack,First Order Battle Pack,USED,STORE,SOLD,false,false,false,11.7,,24.99,15,25,,,557,
75132,SET,First Order Battle Pack,First Order Battle Pack,USED,STORE,SOLD,false,false,false,11.7,,24.99,15,25,,,558,
75132,SET,First Order Battle Pack,First Order Battle Pack,USED,STORAGE,FOR_SALE,false,false,false,11.69,,,15,25,,,559,
75132,SET,First Order Battle Pack,First Order Battle Pack,USED,STORAGE,FOR_SALE,false,false,false,9.89,,,15,25,,,560,
75132,SET,First Order Battle Pack,First Order Battle Pack,USED,STORAGE,FOR_SALE,false,false,false,11.69,,,15,25,,,561,
75132,SET,First Order Battle Pack,First Order Battle Pack,USED,STORE,FOR_SALE,false,false,false,10.35,24.99,,15,25,,,562,
75132,SET,First Order Battle Pack,First Order Battle Pack,USED,STORE,FOR_SALE,false,false,false,10.35,24.99,,15,25,,,563,
75132,SET,First Order Battle Pack,First Order Battle Pack,USED,UNKNOWN,FOR_SALE,false,false,false,10.39,,,15,25,,,564,
75132,SET,First Order Battle Pack,First Order Battle Pack,USED,UNKNOWN,FOR_SALE,false,false,false,7.44,,,15,25,,,565,
75133,SET,Rebel Alliance Battle Pack,Rebel Alliance Battle Pack,USED,STORE,SOLD,false,false,false,11.69,,39.99,20,40,,Figures combined to about $45,566,
75133,SET,Rebel Alliance Battle Pack,Rebel Alliance Battle Pack,USED,STORE,SOLD,false,false,false,11.69,,39.99,20,40,,,567,
75133,SET,Rebel Alliance Battle Pack,Rebel Alliance Battle Pack,USED,STORAGE,LAYAWAY,false,false,false,11.69,,,20,40,,,568,
75133,SET,Rebel Alliance Battle Pack,Rebel Alliance Battle Pack,USED,STORAGE,FOR_SALE,false,false,false,11.69,39.99,,20,40,39.99,,569,
75133,SET,Rebel Alliance Battle Pack,Rebel Alliance Battle Pack,USED,STORE,FOR_SALE,false,false,false,11.69,39.99,,20,40,39.99,,570,
75133,SET,Rebel Alliance Battle Pack,Rebel Alliance Battle Pack,USED,STORE,FOR_SALE,false,false,false,10.12,,,20,40,,,571,
75133,SET,Rebel Alliance Battle Pack,Rebel Alliance Battle Pack,USED,STORE,FOR_SALE,false,false,false,10.12,,,20,40,,,572,
75133,SET,Rebel Alliance Battle Pack,Rebel Alliance Battle Pack,USED,STORE,FOR_SALE,false,false,false,10.12,,,20,40,,,573,
75133,SET,Rebel Alliance Battle Pack,Rebel Alliance Battle Pack,USED,STORE,FOR_SALE,false,false,false,10.39,,,20,40,,,574,
75133,SET,Rebel Alliance Battle Pack,Rebel Alliance Battle Pack,USED,UNKNOWN,FOR_SALE,false,false,false,5.18,,,20,40,,,575,
75134,SET,Galactic Empire Battle Pack,Galactic Empire Battle Pack,USED,UNKNOWN,SOLD,false,false,false,11.7,55,45.99,30,1,,"popular figure, only in this set. | FigCurraecsk combined about $55",576,garbled-pdf-row
75134,SET,Galactic Empire Battle Pack,Galactic Empire Battle Pack,USED,UNKNOWN,SOLD,false,false,true,11.7,,49.99,30,50,,,577,
75134,SET,Galactic Empire Battle Pack,Galactic Empire Battle Pack,USED,STORE,LAYAWAY,false,false,false,11.69,,,30,50,,,578,
75134,SET,Galactic Empire Battle Pack,Galactic Empire Battle Pack,USED,STORAGE,FOR_SALE,false,false,false,11.69,40,,30,50,40,,579,
75134,SET,Galactic Empire Battle Pack,Galactic Empire Battle Pack,USED,STORAGE,FOR_SALE,false,false,false,11.69,,,30,50,,,580,
75134,SET,Galactic Empire Battle Pack,Galactic Empire Battle Pack,USED,STORAGE,FOR_SALE,false,false,false,11.69,,,30,50,,,581,
75134,SET,Galactic Empire Battle Pack,Galactic Empire Battle Pack,USED,STORAGE,FOR_SALE,false,false,false,11.69,,,30,50,,,582,
75134,SET,Galactic Empire Battle Pack,Galactic Empire Battle Pack,USED,STORAGE,FOR_SALE,false,false,false,11.69,,,30,50,,,583,
75134,SET,Galactic Empire Battle Pack,Galactic Empire Battle Pack,USED,STORAGE,FOR_SALE,false,false,false,11.69,,,30,50,,,584,
75134,SET,Galactic Empire Battle Pack,Galactic Empire Battle Pack,USED,STORAGE,FOR_SALE,false,false,false,8.77,,,30,50,,,585,
75134,SET,Galactic Empire Battle Pack,Galactic Empire Battle Pack,USED,STORAGE,FOR_SALE,false,false,false,8.77,,,30,50,,,586,
75134,SET,Galactic Empire Battle Pack,Galactic Empire Battle Pack,USED,STORAGE,FOR_SALE,false,false,false,8.77,,,30,50,,,587,
75134,SET,Galactic Empire Battle Pack,Galactic Empire Battle Pack,USED,STORAGE,FOR_SALE,false,false,false,8.77,,,30,50,,,588,
75134,SET,Galactic Empire Battle Pack,Galactic Empire Battle Pack,USED,STORAGE,FOR_SALE,false,false,false,8.77,,,30,50,,,589,
75134,SET,Galactic Empire Battle Pack,Galactic Empire Battle Pack,USED,STORE,FOR_SALE,false,false,false,8.77,49.99,,30,50,,,590,
75134,SET,Galactic Empire Battle Pack,Galactic Empire Battle Pack,USED,STORE,FOR_SALE,false,false,false,9.89,49.99,,30,50,,,591,
75134,SET,Galactic Empire Battle Pack,Galactic Empire Battle Pack,USED,STORE,FOR_SALE,false,false,false,9.89,49.99,,30,50,,,592,
75134,SET,Galactic Empire Battle Pack,Galactic Empire Battle Pack,USED,STORE,FOR_SALE,true,false,false,9.89,,,30,50,,,593,
75134,SET,Galactic Empire Battle Pack,Galactic Empire Battle Pack,USED,UNKNOWN,SOLD,false,false,false,10.12,,45.99,,,,Sold,594,
75134,SET,Galactic Empire Battle Pack,Galactic Empire Battle Pack,USED,UNKNOWN,FOR_SALE,false,false,false,5.18,,,30,50,,,595,
75135,SET,Obi Wan's Jedi Interceptor,Obi Wan's Jedi Interceptor,USED,STORE,SOLD,false,false,false,22.49,149.99,139.99,80,150,,,596,
75135,SET,Obi Wan's Jedi Interceptor,Obi Wan's Jedi Interceptor,USED,STORE,LAYAWAY,false,false,false,22.49,149.99,,80,150,,,597,
75135,SET,Obi Wan's Jedi Interceptor,Obi Wan's Jedi Interceptor,USED,STORAGE,FOR_SALE,false,false,false,24.49,,,80,150,,,598,
75135,SET,Obi Wan's Jedi Interceptor,Obi Wan's Jedi Interceptor,USED,STORE,FOR_SALE,false,false,false,15.99,149.99,,80,150,,,599,
75135,SET,Obi Wan's Jedi Interceptor,Obi Wan's Jedi Interceptor,USED,STORE,FOR_SALE,false,false,false,16,149.99,,80,150,,,600,
75135,SET,Obi Wan's Jedi Interceptor,Obi Wan's Jedi Interceptor,USED,STORE,FOR_SALE,true,true,false,16,,,80,150,,,601,
75135,SET,Obi Wan's Jedi Interceptor,Obi Wan's Jedi Interceptor,USED,UNKNOWN,SOLD,false,false,false,,,139.99,,,,Sold,602,cost-unknown
75136,SET,Droid Escape Pod,Droid Escape Pod,USED,STORAGE,SOLD,false,false,false,19.99,,44.99,25,45,,,603,
75136,SET,Droid Escape Pod,Droid Escape Pod,USED,STORAGE,SOLD,false,false,false,22.49,,39.99,25,45,,,604,
75136,SET,Droid Escape Pod,Droid Escape Pod,USED,STORAGE,FOR_SALE,false,false,false,24.49,,,25,45,,,605,
75136,SET,Droid Escape Pod,Droid Escape Pod,USED,STORE,FOR_SALE,false,false,false,13,44.99,,25,45,,,606,
75136,SET,Droid Escape Pod,Droid Escape Pod,USED,HOME,FOR_SALE,false,false,false,18.89,,,25,45,,,607,
75136,SET,Droid Escape Pod,Droid Escape Pod,USED,UNKNOWN,SOLD,false,false,false,18.89,,44.99,,,,Sold,608,
75137,SET,Carbon Freezing Chamber,Carbon Freezing Chamber,USED,STORAGE,SOLD,false,false,false,19.99,,59.99,40,60,,,609,
75137,SET,Carbon Freezing Chamber,Carbon Freezing Chamber,USED,STORAGE,SOLD,false,false,false,22.49,,59.99,40,60,,,610,
75137,SET,Carbon Freezing Chamber,Carbon Freezing Chamber,USED,STORE,FOR_SALE,false,false,false,22.49,59.99,,40,60,59.99,,611,
75137,SET,Carbon Freezing Chamber,Carbon Freezing Chamber,USED,STORE,FOR_SALE,false,false,false,22.49,59.99,,40,60,,,612,
75137,SET,Carbon Freezing Chamber,Carbon Freezing Chamber,USED,STORE,FOR_SALE,false,false,false,22.49,59.99,,40,60,,,613,
75137,SET,Carbon Freezing Chamber,Carbon Freezing Chamber,USED,HOME,FOR_SALE,false,false,false,16,,,40,60,,,614,
75137,SET,Carbon Freezing Chamber,Carbon Freezing Chamber,USED,HOME,FOR_SALE,false,false,false,16,,,40,60,,,615,
75138,SET,Hoth Attack,Hoth Attack,USED,STORE,SOLD,false,false,false,22.49,79.99,95.99,50,90,,,616,
75138,SET,Hoth Attack,Hoth Attack,USED,STORE,FOR_SALE,false,false,false,24.29,,,50,90,,,617,
75138,SET,Hoth Attack,Hoth Attack,USED,STORAGE,FOR_SALE,false,false,false,16,,,50,90,,,618,
75138,SET,Hoth Attack,Hoth Attack,USED,STORE,FOR_SALE,false,false,false,15.99,,,50,90,,,619,
75139,SET,Battle on Takodana,Battle on Takodana,USED,STORE,SOLD,false,false,false,53.99,59.99,55.99,40,60,,,620,
75139,SET,Battle on Takodana,Battle on Takodana,USED,STORE,FOR_SALE,false,false,false,29.99,,,40,60,,,621,
75139,SET,Battle on Takodana,Battle on Takodana,USED,UNKNOWN,SOLD,false,false,false,7.19,,55.99,,,,Sold,622,
75140,SET,Resistance Troop Transport,Resistance Troop Transport,USED,STORE,FOR_SALE,false,false,false,56.54,99.99,,60,90,,,623,
75141,SET,Kanan's Speeder Bike,Kanan's Speeder Bike,USED,STORE,SOLD,false,false,false,21.6,,79.99,50,80,,,624,
75141,SET,Kanan's Speeder Bike,Kanan's Speeder Bike,USED,STORAGE,SOLD,false,false,false,21.6,,79.99,50,80,,,625,
75141,SET,Kanan's Speeder Bike,Kanan's Speeder Bike,USED,STORE,FOR_SALE,false,false,false,19.99,79.99,,50,80,,,626,
75142,SET,Homing Spider Droid,Homing Spider Droid,USED,STORE,FOR_SALE,false,false,false,26.99,,,70,150,,,627,
75142,SET,Homing Spider Droid,Homing Spider Droid,USED,STORE,FOR_SALE,false,false,false,25.68,124.99,,70,150,,,628,
75144,SET,Snowspeeder UCS,Snowspeeder UCS,USED,STORE,SOLD,false,false,false,99.99,399.99,399.99,,,,Sold,629,
75145,SET,Eclipse Fighter,Eclipse Fighter,USED,STORE,SOLD,false,false,false,26.99,49.99,49.99,30,50,,,630,
75145,SET,Eclipse Fighter,Eclipse Fighter,USED,STORE,FOR_SALE,false,false,false,23,,,30,50,,,631,
75145,SET,Eclipse Fighter,Eclipse Fighter,USED,STORAGE,FOR_SALE,false,false,false,20,,,30,50,,,632,
75145,SET,Eclipse Fighter,Eclipse Fighter,USED,UNKNOWN,SOLD,false,false,false,20,,49.99,,,,Sold,633,
75145,SET,Eclipse Fighter,Eclipse Fighter,USED,STORE,FOR_SALE,false,false,false,18.99,49.99,,30,50,,,634,
75147,SET,StarScavenger,StarScavenger,USED,STORE,SOLD,false,false,false,31.77,79.99,79.99,50,80,,,635,
75147,SET,StarScavenger,StarScavenger,USED,STORE,LAYAWAY,false,false,false,36,79.99,,50,80,,,636,
75147,SET,StarScavenger,StarScavenger,USED,UNKNOWN,FOR_SALE,false,false,false,37,,,50,80,,,637,
75148,SET,Encounter on Jakku,Encounter on Jakku,USED,STORE,LAYAWAY,false,false,false,53.99,,,40,60,,,638,
75148,SET,Encounter on Jakku,Encounter on Jakku,USED,STORAGE,FOR_SALE,false,false,false,42.8,,,40,60,,,639,
75149,SET,Resistance X-Wing Fighter,Resistance X-Wing Fighter,USED,STORE,FOR_SALE,false,false,false,68.99,119.99,,80,120,119.99,,640,
75149,SET,Resistance X-Wing Fighter,Resistance X-Wing Fighter,USED,STORE,FOR_SALE,false,false,false,49,119.99,,80,120,,,641,
75149,SET,Resistance X-Wing Fighter,Resistance X-Wing Fighter,USED,STORE,FOR_SALE,false,false,false,71.99,119.99,,80,120,,,642,
75150,SET,Vader's TIE Advanced VS A-Wing Starfighter,Vader's TIE Advanced VS A-Wing Starfighter,USED,STORE,SOLD,false,false,false,80.99,199.99,144,150,200,,,643,
75150,SET,Vader's TIE Advanced VS A-Wing Starfighter,Vader's TIE Advanced VS A-Wing Starfighter,USED,UNKNOWN,SOLD,false,false,false,61,,199.99,,,,Sold,644,"sold-conflict(xlsx=199.99,pdf=150)"
75151,SET,Clone Turbo Tank,Clone Turbo Tank,USED,STORE,LAYAWAY,false,false,false,98.99,,,350,400,,,645,
75151,SET,Clone Turbo Tank,Clone Turbo Tank,USED,STORE,FOR_SALE,false,false,false,85.63,399.99,,350,400,,,646,
75152,SET,Imperial Assault Hovertank,Imperial Assault Hovertank,USED,STORE,FOR_SALE,false,false,false,26.99,119.99,,75,120,,,647,
75153,SET,AT-ST Walker,AT-ST Walker,USED,STORE,FOR_SALE,false,false,false,35.99,99.99,,60,100,49.99,,648,"listing-vs-upcoming(pdf=99.99,up=49.99)"
75153,SET,AT-ST Walker,AT-ST Walker,USED,STORE,FOR_SALE,false,false,false,19.99,99.99,,60,100,,,649,
75154,SET,TIE Striker,TIE Striker,USED,STORE,SOLD,false,false,false,62.99,,119.99,100,150,,,650,
75154,SET,TIE Striker,TIE Striker,USED,STORE,FOR_SALE,false,false,false,32.99,109.99,,100,150,109.99,,651,
75154,SET,TIE Striker,TIE Striker,USED,STORE,FOR_SALE,false,false,false,34,149.99,,100,150,149.99,,652,
75155,SET,Rebel U-Wing Fighter,Rebel U-Wing Fighter,USED,UNKNOWN,SOLD,false,false,false,71.99,199.99,199.99,,,,Sold,653,
75155,SET,Rebel U-Wing Fighter,Rebel U-Wing Fighter,USED,STORE,SOLD,false,false,false,56,199.99,199.99,150,220,,,654,
75155,SET,Rebel U-Wing Fighter,Rebel U-Wing Fighter,USED,UNKNOWN,SOLD,false,false,false,56,,199.99,,,,Sold,655,
75156,SET,Krennic's Imperial Shuttle,Krennic's Imperial Shuttle,USED,STORE,FOR_SALE,false,false,false,80.99,264.99,,200,290,188,,656,"listing-vs-upcoming(pdf=264.99,up=188)"
75156,SET,Krennic's Imperial Shuttle,Krennic's Imperial Shuttle,USED,STORE,FOR_SALE,false,false,false,30.39,264.99,,200,290,,,657,
75157,SET,Captain Rex's AT-TE,Captain Rex's AT-TE,USED,HOME,LAYAWAY,false,false,false,107.99,,,350,400,,,658,
75157,SET,Captain Rex's AT-TE,Captain Rex's AT-TE,USED,STORE,LAYAWAY,false,false,false,107.99,,,350,400,,,659,
75157,SET,Captain Rex's AT-TE,Captain Rex's AT-TE,USED,STORE,SOLD,false,false,false,89,399.99,400,350,400,,,660,
75158,SET,Rebel Combat Frigate,Rebel Combat Frigate,USED,STORE,LAYAWAY,false,false,false,98.99,699.99,,600,700,,,661,
75160,SET,U-Wing Microfighter,U-Wing Microfighter,USED,STORAGE,SOLD,false,false,false,6.63,,19.99,15,20,,,662,
75160,SET,U-Wing Microfighter,U-Wing Microfighter,USED,STORAGE,FOR_SALE,false,false,false,6.63,,,15,20,,,663,
75160,SET,U-Wing Microfighter,U-Wing Microfighter,USED,STORE,FOR_SALE,false,false,false,8.99,19.99,,15,20,,,664,
75160,SET,U-Wing Microfighter,U-Wing Microfighter,USED,HOME,FOR_SALE,false,false,false,1,,,15,20,,,665,
75161,SET,TIE Striker Microfighter,TIE Striker Microfighter,USED,STORAGE,SOLD,false,false,false,6.63,,19.99,15,20,,,666,
75161,SET,TIE Striker Microfighter,TIE Striker Microfighter,USED,STORAGE,FOR_SALE,false,false,false,7.36,,,15,20,,,667,
75161,SET,TIE Striker Microfighter,TIE Striker Microfighter,USED,STORE,FOR_SALE,false,false,false,1,19.99,,15,20,,,668,
75161,SET,TIE Striker Microfighter,TIE Striker Microfighter,USED,UNKNOWN,FOR_SALE,false,false,false,5,,,15,20,,,669,
75162,SET,Y-Wing Microfighter,Y-Wing Microfighter,USED,STORAGE,FOR_SALE,false,false,false,6.63,22.49,,15,25,22.49,,670,
75162,SET,Y-Wing Microfighter,Y-Wing Microfighter,USED,STORAGE,FOR_SALE,false,false,false,6.63,24.99,,15,25,24.99,,671,
75162,SET,Y-Wing Microfighter,Y-Wing Microfighter,USED,STORE,FOR_SALE,false,false,false,6.63,24.99,,15,25,,,672,
75162,SET,Y-Wing Microfighter,Y-Wing Microfighter,USED,STORE,FOR_SALE,false,false,false,8.99,24.99,,15,25,,,673,
75162,SET,Y-Wing Microfighter,Y-Wing Microfighter,USED,STORE,FOR_SALE,false,false,false,6.7,24.99,,15,25,,,674,
75163,SET,Krennic's Imperial Shuttle Microfighter,Krennic's Imperial Shuttle Microfighter,USED,STORE,LAYAWAY,false,false,false,6.63,19.99,,15,20,,,675,
75163,SET,Krennic's Imperial Shuttle Microfighter,Krennic's Imperial Shuttle Microfighter,USED,STORE,FOR_SALE,false,false,false,7.36,19.99,,15,20,19.99,,676,
75163,SET,Krennic's Imperial Shuttle Microfighter,Krennic's Imperial Shuttle Microfighter,USED,UNKNOWN,FOR_SALE,false,false,false,1,,,15,20,,,677,
75164,SET,Rebel Trooper Battle Pack,Rebel Trooper Battle Pack,USED,STORE,SOLD,false,false,false,9.95,39.99,39.99,20,45,,Figures combined around $40,678,
75164,SET,Rebel Trooper Battle Pack,Rebel Trooper Battle Pack,USED,STORE,FOR_SALE,false,false,false,9.95,39.99,,20,45,39.99,,679,
75164,SET,Rebel Trooper Battle Pack,Rebel Trooper Battle Pack,USED,STORE,FOR_SALE,false,false,false,1.46,39.99,,20,45,,,680,
75165,SET,Imperial Trooper Battle Pack,Imperial Trooper Battle Pack,USED,STORE,SOLD,false,false,false,9.95,54.99,54.99,40,55,,,681,
75165,SET,Imperial Trooper Battle Pack,Imperial Trooper Battle Pack,USED,STORE,LAYAWAY,false,false,false,9.95,54.99,,40,55,,,682,
75165,SET,Imperial Trooper Battle Pack,Imperial Trooper Battle Pack,USED,STORE,FOR_SALE,false,false,false,12.49,54.99,,40,55,54.99,,683,
75166,SET,First Order Transport Speeder Battle Pack,First Order Transport Speeder Battle Pack,USED,STORE,SOLD,false,false,false,9,29.99,29.99,20,30,,,684,name-variants
75166,SET,Fisrt Order Transport Speeder Battle Pack,First Order Transport Speeder Battle Pack,USED,STORE,SOLD,false,false,false,9,29.99,29.99,20,30,,,685,name-variants
75167,SET,Bounty Hunter Speeder Bike Battle Pack,Bounty Hunter Speeder Bike Battle Pack,USED,UNKNOWN,SOLD,false,false,false,9,49.99,40,,,,Sold,686,
75167,SET,Bounty Hunter Speeder Bike Battle Pack,Bounty Hunter Speeder Bike Battle Pack,USED,STORE,FOR_SALE,false,false,false,9,49.99,,35,50,49.99,,687,
75167,SET,Bounty Hunter Speeder Bike Battle Pack,Bounty Hunter Speeder Bike Battle Pack,USED,STORE,FOR_SALE,false,false,false,10.78,49.99,,35,50,,,688,
75168,SET,Yoda's Jedi Starfighter,Yoda's Jedi Starfighter,USED,STORE,SOLD,false,false,false,16.57,59.99,59.99,30,60,,,689,
75169,SET,Duel on Naboo,Duel on Naboo,USED,STORE,FOR_SALE,false,false,false,16.57,79.99,,50,80,79.99,,690,
75169,SET,Duel on Naboo,Duel on Naboo,USED,STORE,FOR_SALE,false,false,false,,79.99,,50,80,,,691,cost-unknown
75170,SET,The Phantom,The Phantom,USED,STORE,FOR_SALE,false,false,false,19.89,,,250,350,,,692,
75170,SET,The Phantom,The Phantom,USED,STORE,FOR_SALE,false,false,false,19.89,,,250,350,,,693,
75170,SET,The Phantom,The Phantom,USED,STORE,FOR_SALE,false,false,false,22.08,349.99,,250,350,,,694,
75170,SET,The Phantom,The Phantom,USED,STORAGE,FOR_SALE,false,false,false,17.99,,,250,350,,,695,
75170,SET,The Phantom,The Phantom,USED,STORAGE,FOR_SALE,false,false,false,17.22,,,250,350,,,696,
75171,SET,Battle on Scarif,Battle on Scarif,USED,STORE,SOLD,false,false,false,33.15,,139.99,100,150,,,697,
75171,SET,Battle on Scarif,Battle on Scarif,USED,UNKNOWN,FOR_SALE,false,false,false,28.99,,,100,150,,,698,
75172,SET,Y-Wing Starfighter,Y-Wing Starfighter,USED,UNKNOWN,SOLD,false,false,false,44.16,,149.99,,,,Sold,699,
75172,SET,Y-Wing Starfighter,Y-Wing Starfighter,USED,UNKNOWN,SOLD,false,false,false,33.83,,159.99,,,,Sold,700,
75172,SET,Y-Wing Starfighter,Y-Wing Starfighter,USED,STORAGE,FOR_SALE,false,false,false,38.99,,,120,160,,,701,
75172,SET,Y-Wing Starfighter,Y-Wing Starfighter,USED,UNKNOWN,FOR_SALE,false,false,false,29.99,,,120,160,,,702,
75173,SET,Luke's Landspeeder,Luke's Landspeeder,USED,STORE,FOR_SALE,false,false,false,14.79,39.99,,25,40,39.99,,703,
75174,SET,Desert Skiff Escape,Desert Skiff Escape,USED,STORE,FOR_SALE,false,false,false,21.49,89.99,,65,95,,Bob Fett is $65,704,
75175,SET,A-Wing Starfighter,A-Wing Starfighter,USED,STORE,FOR_SALE,false,false,false,28.51,119.99,,100,120,,,705,
75175,SET,A-Wing Starfighter,A-Wing Starfighter,USED,STORE,FOR_SALE,false,false,false,24.25,119.99,,100,120,,,706,
75175,SET,A-Wing Starfighter,A-Wing Starfighter,USED,STORAGE,FOR_SALE,false,false,false,25.99,,,100,120,,,707,
75176,SET,Resistance Transport Pod,Resistance Transport Pod,USED,STORE,FOR_SALE,false,false,false,19.25,39.99,,25,40,39.99,,708,
75177,SET,First Order Heavy Scout Walker,First Order Heavy Scout Walker,USED,STORE,FOR_SALE,false,false,false,51.15,59.99,,40,60,,,709,
75178,SET,Jakku Quadjumper,Jakku Quadjumper,USED,STORE,FOR_SALE,false,false,false,24.99,79.99,,65,80,,,710,
75179,SET,Kylo Ren's TIE Fighter,Kylo Ren's TIE Fighter,USED,STORE,FOR_SALE,false,false,false,51.3,179.99,,120,200,,,711,
75180,SET,Rathtar Escape,Rathtar Escape,USED,STORE,SOLD,false,false,false,47.98,79.99,0,,,,Layaway,712,
75182,SET,Republic Fighter Tank,Republic Fighter Tank,USED,STORE,FOR_SALE,false,false,false,18.24,124.99,,80,130,99.99,,713,"listing-vs-upcoming(pdf=124.99,up=99.99)"
75182,SET,Republic Fighter Tank,Republic Fighter Tank,USED,STORE,FOR_SALE,false,false,false,17.49,124.99,,80,130,,Figures combined to $90,714,
75183,SET,Darth Vadar Transformation,Darth Vadar Transformation,USED,STORAGE,FOR_SALE,false,false,false,14.98,,,60,85,,,715,
75183,SET,Darth Vadar Transformation,Darth Vadar Transformation,USED,HOME,FOR_SALE,false,false,false,7.49,,,60,85,,,716,
75185,SET,Tracker 1,Tracker 1,USED,UNKNOWN,SOLD,false,false,false,49.99,119.99,119.99,,,,Sold,717,
75186,SET,The Arrowhead,The Arrowhead,USED,HOME,LAYAWAY,false,false,false,61,174.99,,140,180,,,718,
75187,SET,BB-8,BB-8,USED,STORE,SOLD,false,false,false,64.1,174.99,174.99,130,190,,,719,
75188-3,SET,Resistance Bomber,Resistance Bomber,USED,STORE,FOR_SALE,false,false,false,70.5,199.99,,160,200,,,720,
75189,SET,First Order Heavy Assault Walker,First Order Heavy Assault Walker,USED,STORE,SOLD,false,false,false,96.15,199.99,199.99,150,200,,,721,
75190,SET,First Order Star Destroyer,First Order Star Destroyer,USED,STORE,LAYAWAY,false,false,false,102.55,279.99,,200,280,,,722,
75191,SET,Jedi Starfighter With Hyperdrive,Jedi Starfighter With Hyperdrive,USED,UNKNOWN,SOLD,false,false,false,78,,450,,,,Sold,723,
75192,SET,Millennium Falcon UCS,Millennium Falcon UCS,USED,UNKNOWN,SOLD,false,false,false,789.99,799.99,799.99,,,,Sold,724,
75206,SET,Jedi and Clone Troopers Battle Pack,Jedi and Clone Troopers Battle Pack,USED,STORE,FOR_SALE,true,true,false,,,,,,,,725,cost-unknown
75218,SET,X-Wing Starfighter,X-Wing Starfighter,USED,STORE,SOLD,false,false,false,32.5,149.99,129.99,100,150,,,726,
75240,SET,Major Vonreg's TIE Fighter,Major Vonreg's TIE Fighter,USED,UNKNOWN,FOR_SALE,false,false,false,54.95,,,80,120,,,727,
75249,SET,Resistance Y-Wing Starfighter,Resistance Y-Wing Starfighter,USED,UNKNOWN,FOR_SALE,false,false,false,47.36,,,50,90,,,728,
75258,SET,Anakin's Pod Racer,Anakin's Pod Racer,USED,STORE,FOR_SALE,false,false,false,24.99,59.99,,40,60,59.99,,729,
75263,SET,Resistance Y-Wing Microfighter,Resistance Y-Wing Microfighter,USED,STORE,SOLD,false,false,false,4.99,19.99,19.99,10,20,,,730,
75263,SET,Resistance Y-Wing Microfighter,Resistance Y-Wing Microfighter,USED,STORE,SOLD,false,false,false,4.99,19.99,19.99,10,20,,,731,
75263,SET,Resistance Y-Wing Microfighter,Resistance Y-Wing Microfighter,USED,STORE,SOLD,false,false,false,6.29,19.99,19.99,10,20,,,732,
75263,SET,Resistance Y-Wing Microfighter,Resistance Y-Wing Microfighter,USED,UNKNOWN,FOR_SALE,false,false,false,6.29,,,10,20,,,733,
75263,SET,Resistance Y-Wing Microfighter,Resistance Y-Wing Microfighter,USED,UNKNOWN,FOR_SALE,false,false,false,7.49,,,10,20,,,734,
75264,SET,Kylo Ren's Shuttle Microfighter,Kylo Ren's Shuttle Microfighter,USED,UNKNOWN,FOR_SALE,false,false,false,6.99,,,20,35,,,735,
75266,SET,Sith Trooper Battle Pack,Sith Trooper Battle Pack,USED,UNKNOWN,FOR_SALE,false,false,false,12.99,,,15,25,,,736,
75266,SET,Sith Trooper Battle Pack,Sith Trooper Battle Pack,USED,UNKNOWN,FOR_SALE,false,false,false,12.99,,,15,25,,,737,
75266,SET,Sith Trooper Battle Pack,Sith Trooper Battle Pack,USED,UNKNOWN,FOR_SALE,false,false,false,12.99,,,15,25,,,738,
75267,SET,Mandalorian Battle Pack,Mandalorian Battle Pack,USED,UNKNOWN,FOR_SALE,false,false,false,12.95,,,15,30,,,739,
75267,SET,Mandalorian Battle Pack,Mandalorian Battle Pack,USED,UNKNOWN,FOR_SALE,false,false,false,12.99,,,15,30,,,740,
75267,SET,Mandalorian Battle Pack,Mandalorian Battle Pack,USED,UNKNOWN,FOR_SALE,false,false,false,12.99,,,15,30,,,741,
75267,SET,Mandalorian Battle Pack,Mandalorian Battle Pack,USED,UNKNOWN,FOR_SALE,false,false,false,12.99,,,15,30,,,742,
75273,SET,Poe Dameron's X-Wing Fighter,Poe Dameron's X-Wing Fighter,USED,UNKNOWN,FOR_SALE,false,false,false,72.99,,,80,100,,,743,
75273,SET,Poe Dameron's X-Wing Fighter,Poe Dameron's X-Wing Fighter,USED,UNKNOWN,FOR_SALE,false,false,false,72.99,,,80,100,,,744,
75532,SET,Scout Trooper & Speeder Bike,Scout Trooper & Speeder Bike,USED,STORE,SOLD,false,false,false,27.99,99.99,89.99,70,100,,,745,
