Minifigure Number,Name,Sold,Upcoming,Cost,Low Value,High Value,Notes
,,3278.14,1184,2511.19,15987,26818,
75146-17,Protocol Droid,,,,6,15,
Dewback,Dewback (16875pb01c01),40,,6,,,
Rancor,Rancor (11323pb01c01),,layaway,14,100,200,
SW0001b,Battle Droid,6,,0,,,
SW0001b,Battle Droid,6,,0,,,
SW0001b,Battle Droid,,,0,5,6,
SW0001b,Battle Droid,,,0,5,6,
SW0001b,Battle Droid,,,0,5,6,
SW0001b,Battle Droid,,,0.5,5,6,
SW0001b,Battle Droid,,,0.5,5,6,
SW0001b,Battle Droid  ,,,0.5,5,6,
SW0001b,Battle Droid  ,,,0.5,5,6,
SW0001c,Battle Droid  ,6,,1,,,
SW0001c,Battle Droid  ,6,,1,,,
SW0001c,Battle Droid  ,,6,0.5,,,
SW0001c,Battle Droid  ,,6,0.5,,,
SW0001c,Battle Droid  ,,6,0.5,,,
SW0001c,Battle Droid  ,,layaway,0.5,5,6,
SW0001c,Battle Droid  ,,layaway,0.5,5,6,
SW0001c,Battle Droid  ,,,0.5,5,6,
SW0001c,Battle Droid  ,,,0.5,5,6,
SW0001c,Battle Droid  ,,,0.5,5,6,
SW0001c,Battle Droid  ,,,0.5,5,6,
SW0001c,Battle Droid  ,,,0.5,5,6,
SW0001c,Battle Droid  ,,,0.5,5,6,
SW0001d,Battle Droid  ,,,1,5,6,
SW0001d,Battle Droid  ,,,0.5,5,6,
SW0001d,Battle Droid  ,,,0.5,5,6,
SW0002a,Boba Fett,,layaway,,40,80,"Classic, single helmet/jetpack. Non-printed legs"
SW0002B,Boba Fett,,layaway,4,45,70,Single helmet/Jetpack. Non-printed legs. Red on helmet
SW0002B,Boba Fett,,layaway,5,45,70,Single helmet/Jetpack. Non-printed legs. Red on helmet
SW0002b,Boba Fett ,,,2,40,80,"Classic, single helmet/jetpack. Non-printed legs. Scratched helmet"
SW0003,Darth Maul,25,,,,,
SW0003,Darth Maul,,,,15,30,
SW0003,Darth Maul,,,,15,30,
SW0004,Darth Vader,,,?,20,40,Mislabeled as 0214
SW0004A,Darth Vader,,,,30,50,Light bluish grey head
SW0005,Imperial Scout Trooper,,,?,,,
SW0005A,Imperial Scout Trooper,10,,1,,,
SW0005b,Imperial Scout Trooper,10,,1,,,
SW0011,Chewbacca,,,1,6,7,Reddish brown
SW0011a,Chewbacca,,7,1,,,
SW0011a,Chewbacca,,7,1,,,Reddish brown
SW0011a,Chewbacca,,,1,,,
SW0011a,Chewbacca,,,?,,,
SW0012A,Dak Ralter,,,,8,12,
SW0014,Han Solo,,,,60,80,
SW0017,Jar Jar Binks,,,,7,12,
SW0017,Jar Jar Binks,,,,7,12,
SW0018,Luke Skywalker (Endor),12,,,,,
SW0019,Luke Skywalker X-Wing Pilot,,,,7,12,
SW0019A,Luke Skywalker X-Wing Pilot,,,,7,15,
SW0021,Luke Skywalker (Tatooine),10,,,,,
SW0023A,Obi-Wan Kenobi (Old),,,,7,20,
SW0027,Qui-Gon Jinn (Yellow Head),,,,10,20,
SW0027,Qui-Gon Jinn (Yellow Head),,,,10,20,
SW0027,Qui-Gon Jinn (Yellow Head),,,,10,20,
SW0027,Qui-Gon Jinn (Yellow Head),,,,10,20,
SW0027,Qui-Gon Jinn (Yellow Head),,,,10,20,
SW0028,R2-D2,,,,6,10,
SW0028,R2-D2,,,,6,10,
SW0031,Rebel A-Wing Pilot,,,?,7,20,
SW0032,Rebel B-Wing Pilot,,,?,10,20,
SW0033,Rebel Y-Wing Pilot ,,,,7,15,"John 'Dutch' Vander, Gold LEader"
SW0035a,Imperial TIE Fighter- Interceptor Pilot,,,1.5,7,10,
SW0035B,Imperial TIE Fighter- Interceptor Pilot,,,1,7,10,
SW0035b,Imperial TIE Fighter- Interceptor Pilot,,,1,7,10,
SW0035b,Imperial TIE Fighter- Interceptor Pilot,,,0,7,10,
SW0035b,Imperial TIE Fighter- Interceptor Pilot,,,?,,,
SW0036,Imperial Stormtrooper,,,,7,15,
SW0036,Imperial Stormtrooper,,,,7,15,
SW0036B,Imperial Stormtrooper,,,0.5,7,15,
SW0036B,Imperial Stormtrooper,,,1,7,15,
SW0038,Watto,20,,39,,,
SW0040,Royal Guard,,,,7,15,
SW0040,Royal Guard,,,,7,15,
SW0040,Royal Guard,,,,7,15,
SW0046,Imperial Officer,,,1,7,12,
SW0047,Battle Droid Security (Red),,,1,7,15,
SW0048,Battle Droid Commander,,20,1,,,
SW0051,Yoda,20,,3,,,
SW0051,Yoda,,,3,15,30,
SW0052,Tusken Raider,,,1,7,10,
SW0052,Tusken Raider,,,1,7,10,
SW0052,Tusken Raider,,,1,7,10,
SW0053,Jango Fett,,,35,350,500,
SW0053,Jango Fett,,layaway,18,,,
SW0053,Jango Fett,,,21,0,0,Slave 1 (wrong arms)
SW0054,Boba Fett (Young),,,8,20,50,
SW0054,Boba Fett (Young),,,5,20,50,
SW0059,Zam Wesell,,,5,90,120,
SW0067,Ewok (Paploo),,,,7,15,
SW0067,Ewok (Paploo),,,,7,15,
SW0068,Luke Skywalker (Black hand),,,,7,15,
SW0071,Jabba The Hutt,,,8,25,80,
SW0079,Luke Skywalker,,,3,10,20,
SW0085a,Princess Leia,,,2,15,20,Damage to face
SW0090,Luke Skywalker X-Wing Pilot,,,,7,12,
SW0091,Shock Trooper- Phase 2,,,3,15,25,
SW0091,Shock Trooper- Phase 2,,,3,15,25,
SW0091,Shock Trooper- Phase 2,,,3,15,25,
SW0092,Super Battle Droid,9,,1,,,
SW0092,Super Battle Droid,9,,1,,,
SW0092,Super Battle Droid,7,,0.5,,,
SW0092,Super Battle Droid,9,,0.5,,,
SW0092,Super Battle Droid,,,1,7,9,
SW0095,Battle Droid Pilot (Blue),,,0.5,5,6,
SW0095a,Battle Droid Pilot (Blue),,,,5,6,
SW0096,Battle Droid Security  ,,,0,,,
SW0097,Imperial Stormtrooper- Chrome Silver,,,25,100,200,Damaged legs
SW0099,Anakin Skywalker (Padawan w/cape),,,3,25,60,damaged cape
SW0100,Anakin Skywalker (Padawan),13,,,,,
SW0101,Snowtrooper,,,1,6,7,
SW0101,Snowtrooper,,,1,6,7,
SW0101,Snowtrooper,,,1,6,7,
SW0101,Snowtrooper,,,1,6,7,
SW0101,Snowtrooper,,,1,6,7,
SW0101,Snowtrooper,,,1,6,7,
SW0101,Snowtrooper,,,1,6,7,
SW0101,Snowtrooper,,,1,6,7,
SW0101,Snowtrooper,,,1,6,7,
SW0101,Snowtrooper,,,1,6,7,
SW0111,Han Solo,,,,25,50,
SW0111,Han Solo,,,,25,50,
SW0113,Leia,,,,9,20,Check for misprint
SW0113,Leia,,,,9,20,
SW0114,Imperial Officer,,,,10,20,
SW0115,Snowtrooper,,,2,7,10,mislabeled as 0568
SW0115,Snowtrooper,,,?,7,10,
SW0118,Clone Trooper V-Wing Pilot (Phase 2),,15,1,,,
SW0118,Clone Trooper V-Wing Pilot (Phase 2),,15,0.5,,,
SW0118,Clone Trooper V-Wing Pilot (Phase 2),,,0.5,10,15,
SW0118,Clone Trooper V-Wing Pilot (Phase 2),,,0.5,,,
SW0118,Clone Trooper V-Wing Pilot (Phase 2),,,0.5,,,
SW0118,Clone Trooper V-Wing Pilot (Phase 2),,,?,,,
SW0119,R7-D4,,,,7,15,
SW0119,R7-D4,,,,7,15,
SW0123,Darth Vader,30,,,,,No Eyebrows
SW0123,Darth Vader,30,,,,,No Eyebrows
SW0123,Darth Vader,,,,20,30,No Eyebrows
SW0126,Clone Trooper,20,,0.5,,,
SW0126,Clone Trooper,,,1,,,wrong helmet. damaged torso. mislabeled as 0036b
SW0126,Clone Trooper ,,,0.5,,,"cracked arm, damaged head"
SW0128A,327th Star Corps Clone Trooper- Phase 2,20,,3,,,
SW0128A,327th Star Corps Clone Trooper- Phase 2,20,,0.5,,,
SW0128A,327th Star Corps Clone Trooper- Phase 2,,20,3,,,
SW0128A,327th Star Corps Clone Trooper- Phase 2,,20,3,,,
SW0128A,327th Star Corps Clone Trooper- Phase 2,,20,3,,,
SW0134,"General Grievous (Brown Cape, Old Version)",,layaway,,100,200,
SW0134A,General Grievous (No cape),,,,15,40,
SW0134A,General Grievous (No cape),,,,15,40,
SW0141,Jawa (With cape),,,2,20,30,
SW0141,Jawa (With cape),,,2,20,30,
SW0141,Jawa (With cape),,,2,20,30,
SW0141,Jawa (With cape),,,2,20,30,
SW0141,Jawa (With cape),,,,20,30,
SW0141,Jawa (With cape),,,,20,30,
SW0141,Jawa (With cape),,,,20,30,
SW0141,Jawa (With cape),,,,20,30,
SW0141,Jawa (With cape),,,,20,30,
SW0141,Jawa (With cape),,,,20,30,
SW0141,Jawa (With cape),,,,20,30,
SW0151,IG-88,,,,6,7,
SW0151,IG-88,,,,6,7,
SW0155,IG-88,,,,6,7,
SW0161a,C-3PO,,7,,,,
SW0161A,C-3PO,,,,7,9,
SW0165,K-3PO,,,,20,40,
SW0166a,Imperial Shadow Trooper,10,,3.5,,,
SW0166a,Imperial Shadow Trooper,15,,1,,,
SW0166a,Imperial Shadow Trooper,15,,1,,,
SW0166b,Imperial Shadow Trooper,15,,1,,,
SW0175,Princess Leia,,,?,,,
SW0177,AT-AT Driver,,,,15,25,
SW0179,Han Solo,,,,10,15,
SW0187,Rebel Scout Trooper,,,,6,7,
SW0187,Rebel Scout Trooper,,,,6,7,
SW0188,Imperial Stormtrooper,,10,1,,,
SW0188,Imperial Stormtrooper,15,,1,,,mislabeled as (0036b)
SW0188,Imperial Stormtrooper,10,,1,,,mislabeled as (0036b)
SW0188,Imperial Stormtrooper,10,,1,,,mislabeled as (0036b)
SW0188,Imperial Stormtrooper,10,,2,,,mislabeled as (0036b)
SW0188,Imperial Stormtrooper,,,1,7,10,mislabeled as (0036b)
SW0188,Imperial Stormtrooper,,,1,7,10,mislabeled as (0036b)
SW0188,Imperial Stormtrooper,,,2,7,10,mislabeled as (0036b)
SW0188,Imperial Stormtrooper,,,1,7,10,mislabeled as (0036b)
SW0188,Imperial Stormtrooper,,,1,7,10,mislabeled as (0036b)
SW0188,Imperial Stormtrooper,,,1,7,10,mislabeled as (0036b)
SW0190,IG-100 MagnaGuard Droid,,40,,,,
SW0190,IG-100 MagnaGuard Droid,,,,20,60,
SW0190,IG-100 MagnaGuard Droid,,,,20,60,
SW0190,IG-100 MagnaGuard Droid,,,,20,60,
SW0190,IG-100 MagnaGuard Droid,,,,20,60,
SW0190,IG-100 MagnaGuard Droid,,,,20,60,
SW0190,IG-100 MagnaGuard Droid,,,,20,60,
SW0192,Ahsoka Tano (Padawan),20,,3,,,
SW0192,Ahsoka Tano (Padawan),,,4,15,20,
SW0193,Rotta,,,,20,40,
SW0194,Captain Rex (Phase 1),,,12,100,200,
SW0194,Captain Rex (Phase 1),,,10,100,200,
SW0194,Captain Rex (Phase 1),,,10,100,200,
SW0194,Captain Rex (Phase 1),,,20,100,200,
SW0194,Captain Rex (Phase 1),,,12.5,100,200,
SW0194,Captain Rex (Phase 1),,,20,100,200,
SW0195,Asajj Ventress,,40,,,,
SW0196,Commander Cody (Phase 1),50,,16,,,
SW0196,Commander Cody (Phase 1),60,,9,,,
SW0196,Commander Cody (Phase 1),,,?,30,60,
SW0196,Commander Cody (Phase 1),,,15,30,60,
SW0196,Commander Cody (Phase 1),,,12,30,60,
SW0196,Commander Cody (Phase 1),,60,8,,,
SW0197,Obi-Wan Kenobi (Large eyes),,,,10,20,
SW0197,Obi-Wan Kenobi (Large eyes),,,,10,20,
SW0200,Clone Trooper (Phase 1),20,,1,,,
SW0200,Clone Trooper (Phase 1),,20,1,,,
SW0200,Clone Trooper (Phase 1),,12,1,,,
SW0200,Clone Trooper (Phase 1),,,1,10,20,
SW0200,Clone Trooper (Phase 1),,,,,,
SW0200,Clone Trooper (Phase 1),,,,,,
SW0200,Clone Trooper (Phase 1) ,,,1,10,20,Wrong head
SW0201,Clone Trooper (Phase 1),20,,1,,,
SW0201,Clone Trooper (Phase 1),20,,1,,,
SW0201,Clone Trooper (Phase 1),15,,1,,,
SW0201,Clone Trooper (Phase 1),,,1,10,20,
SW0201,Clone Trooper (Phase 1),,,2,10,20,
SW0202a,Commander Fox (Phase 1),,,8,160,250,
SW0202a,Commander Fox (Phase 1),,,10.5,160,250,
SW0202a,Commander Fox (Phase 1),,,10.5,160,250,
SW0202a,Commander Fox (Phase 1),,,10,160,250,
SW0202a,Commander Fox (Phase 1),,,10,160,250,
SW0202a,Commander Fox (Phase 1),,,17,160,250,
SW0202a,Commander Fox (Phase 1),,,10,,,
SW0205A,Han Solo Stormtrooper,,,,7,12,
SW0209,Darth Vader (Death Star),20,,4,,,
SW0209,Darth Vader (Death Star),,,,15,30,
SW0209,Darth Vader (Death Star),,,,15,30,
SW0209,Darth Vader (Death Star),,,,15,30,
SW0209,Darth Vader (Death Star),,,,15,30,
SW0209,Darth Vader (Death Star),,,,15,30,
SW0209,Darth Vader (Death Star),,,,15,30,
SW0210,Emperor Palpatine,,,,15,20,
SW0210,Emperor Palpatine,,,,15,20,
SW0212,Protocol Droid,,,,15,25,
SW0214,Darth Vader,,,?,,,Mislabeled as 0004
SW0217,R2-D2,,,,6,7,
SW0217,R2-D2,,,,6,7,
SW0217,R2-D2,,,,6,7,
SW0218,Darth Vader (Chrome Black),,,56,500,800,
SW0219,Yoda,,12,3,,,
SW0220,Mace Windu,,,,10,15,
SW0221,Clone Trooper Gunner (Phase 1),15,,1,,,
SW0221,Clone Trooper Gunner (Phase 1) ,,,1,10,15,Damaged legs
SW0223,Clone Commander (Phase 1),30,,3,,,
SW0223,Clone Commander (Phase 1),30,,4,,,
SW0223,Clone Commander (Phase 1),,,20,15,30,
SW0223,Clone Commander (Phase 1),,,2,15,30,
SW0224,Count Dooku,30,,5,,,
SW0224,Count Dooku,,30,1,,,
SW0224,Count Dooku,,,4.5,,,
SW0224,Count Dooku ,,,1,,,No cape
SW0224,Count Dooku ,,,5,,,Wrong cape
SW0225,Pilot Droid,,,,10,20,
SW0227,Rocket Droid Commander,10,,,,,
SW0227,Rocket Droid Commander,10,,,,,
SW0228,Rocket Battle Droid,,,1,6,7,
SW0228,Rocket Battle Droid,,,,6,7,
SW0229,Assassin Droid,,,0.5,5,6,
SW0230,Super Battle Droid w/ Rocket arm ,,,1,8,12,mislabeled as 0092
SW0230,Super Battle Droid w/ Rocket arm ,,,1,8,12,
SW0233,Clone Trooper Jet,,,,,,
SW0233,Clone Trooper Jet,,,,,,
SW0233,Clone Trooper Jet,,,,,,
SW0233,Clone Trooper Jet,,,,,,
SW0236,Chief Chirpa,,,2,,,
SW0239,Endor Rebel Commando,9,,?,,,Wrong head
SW0241,Onaconda Farr,,,,,,
SW0242,Nute Gunray,,,,,,
SW0245,Turk Falso,,,1,10,15,
SW0245,Turk Falso,,,1,10,15,
SW0245,Turk Falso,,,1,10,15,
SW0246,Hondo Ohnaka,,,,,,
SW0247,Admiral Ackbar,,,1,8,15,
SW0247,Admiral Ackbar,12,,1,,,
SW0247,Admiral Ackbar,,,2,8,15,
SW0247,Admiral Ackbar,,,3.5,8,15,
SW0247,Admiral Ackbar,,,3.5,8,15,
SW0247,Admiral Ackbar,,,3.5,8,15,
SW0248,Mon Calamari Officer,,,,,,
SW0252,Hoth Rebel,,,,,,
SW0256,Captain Antilles,,,28,80,120,
SW0259,Hoth Rebel Trooper,9,,,,,
SW0260,Zev Senesca,,,1,5,8,
SW0260,Zev Senesca,,,1,5,8,
SW0260,Zev Senesca,,,4,5,8,
SW0262,AT-AT Driver,,,1,6,8,
SW0262,AT-AT Driver,,,1,6,8,
SW0262,AT-AT Driver,,,1,6,8,Mislabeled 0177
SW0262,AT-AT Driver,,,1,6,8,Mislabeled 0177
SW0263,Anakin Skywalker (Parka),,,1.5,7,10,
SW0264,Thi-Sen,,,1,7,12,
SW0264,Thi-Sen,,,1,7,12,
SW0265,Clone Trooper Pilot Captain Jag ,,,1,,,Mislabeled as 0118
SW0267,R4-P44,,,,,,
SW0268,Imperial TIE Fighter,9,,1,,,
SW0268,Imperial TIE Fighter,,9,1,,,
SW0268,Imperial TIE Fighter,,,1,7,9,
SW0268,Imperial TIE Fighter,,,2.5,7,9,
SW0268a,Imperial TIE Fighter,,,1,8,10,
SW0268A,Imperial TIE Fighter Pilot,,,1,8,10,
SW0268A,Imperial TIE Fighter Pilot,,,1,8,10,
SW0271,Sandtrooper,15,,3.5,,,
SW0274,Obi-Wan Kenobi (Old),,,,,,
SW0275,Boba Fett (White),,layaway,50,350,450,Sealed polybag (4597068-1)
SW0277,Darth Vader,,30,,,,
SW0277,Darth Vader,30,,,,,
SW0279,Boba Fett,,,8,,,
SW0279,Boba Fett,,,6,,,
SW0279,Boba Fett,,,4.99,,,
SW0279,Boba Fett,,,3.5,,,
SW0280,Bossk,,,1,,,
SW0280,Bossk,,,10,,,
SW0281,Clone Trooper V-Wing Pilot (Phase 2),,10,3,,,
SW0284,Aayla Secura,50,,6,,,
SW0284,Aayla Secura,,,10,,,
SW0284,Aayla Secura,,,10,,,
SW0284,Aayla Secura,,,?,,,
SW0285,Cad Bane,,Layaway,,,,
SW0289,General Maximillian Veers,,,,,,
SW0291,Hoth Rebel Trooper,,,2,0,0,Wong Head
SW0291,Hoth Rebel Trooper,,,,,,
SW0292,Luke Skywalker (Jedi Knight),,,,,,
SW0292,Luke Skywalker (Jedi Knight),,,,,,
SW0293,Imperial Officer,,,,,,
SW0293,Imperial Officer,,,,,,
SW0295,Luke Skywalker X-Wing Pilot,,,,,,
SW0296,Mandalorian Death Watch Warrior,,,,,,
SW0296,Mandalorian Death Watch Warrior,,,,,,
SW0296,Mandalorian Death Watch Warrior,,,,,,
SW0296,Mandalorian Death Watch Warrior,,,,,,
SW0296,Mandalorian Death Watch Warrior,,,,,,
SW0296,Mandalorian Death Watch Warrior,,,,,,
SW0296,Mandalorian Death Watch Warrior,,,,,,
SW0296,Mandalorian Death Watch Warrior,,,,,,
SW0296,Mandalorian Death Watch Warrior,,,,,,
SW0297,Clone Trooper,,,1,,,"mislabeled as 0036b. wring head,helmet. damaged legs"
SW0298,"Clone Trooper, Horn Company (Phase 1)",20,,2,,,
SW0298,"Clone Trooper, Horn Company (Phase 1)",20,,1,,,
SW0298,"Clone Trooper, Horn Company (Phase 1)",,20,1,,,
SW0298,"Clone Trooper, Horn Company (Phase 1)",,20,1,,,
SW0298,"Clone Trooper, Horn Company (Phase 1)",,20,1,,,
SW0299,Clone Bomb Squad Trooper (Phase 1),,9,1,,,
SW0299,Clone Bomb Squad Trooper (Phase 1),,9,1,,,
SW0299,Clone Bomb Squad Trooper (Phase 1),,,1,,,
SW0299,Clone Bomb Squad Trooper (Phase 1) ,,,0.5,,,Wrong head
SW0299,Clone Bomb Squad Trooper (Phase 1) ,,,1,,,Wrong head
SW0299,Clone Bomb Squad Trooper (Phase 1) ,,,1,,,Wrong head
SW0300,Battle Droid Pilot (Blue),,,1,,,
SW0301,Jar Jar Binks,,,1,8,10,
SW0301,Jar Jar Binks,,,,,,
SW0302,Gungun Soldier,,,,,,
SW0303,R2-Q2,,,,,,
SW0304,Imperial V-Wing Pilot,,,1,7,12,
SW0304,Imperial V-Wing Pilot,,,,,,
SW0304,Imperial V-Wing Pilot,,,,,,
SW0306,Aurra Sing,,,3,,,
SW0307,Embo,,,?,,,
SW0308,Saesee Tiin,,,2,10,20,
SW0309,Shaak Ti,,,,,,
SW0309,Shaak Ti,,,,,,
SW0310,Luminara Unduli,,,,,,
SW0314,Captain Rex (Phase 1),,,2,120,200,
SW0314,Captain Rex (Phase 1),,,,,,
SW0314,Captain Rex (Phase 1),,,,,,
SW0315,Clone Shadow ARF Trooper (Phase 1),,layaway,39,370,500,sealed polybag (2856197-1)
SW0315,Clone Shadow ARF Trooper (Phase 1),,layaway,0,370,500,sealed polybag (2856197-1)
SW0316,Savage Opress,40,,2,,,missing armor
SW0316,Savage Opress,,18,2,,,
SW0317,Anakin Skywalker,,,?,8,12,
SW0318,Asajj Ventress,,,,,,
SW0319,Ki-Adi-Mundi,,,,,,
SW0321,Captain Panaka,,,,,,
SW0321,Captain Panaka,,,,,,
SW0323,Darth Maul,30,,,,,
SW0323,Darth Maul,25,,,,,
SW0325,Watto,,,3,25,40,
SW0326,Sebulba (Moveable arms),,15,1,,,
SW0326,Sebulba (Moveable arms),15,,1,,,
SW0326,Sebulba (Moveable arms),,,2,9,15,
SW0328,Wald,,,1,8,12,
SW0330,Commander Wolffe (Phase 1),180,,18,,,
SW0330,Commander Wolffe (Phase 1),,,21,130,200,
SW0330,Commander Wolffe (Phase 1),,,,,,
SW0330,Commander Wolffe (Phase 1),,,,,,
SW0330,Commander Wolffe (Phase 1),,,,,,
SW0331,"Clone Trooper, 104th Battalion 'Wolfpack'",,,7,60,120,No jetpack
SW0331,"Clone Trooper, 104th Battalion 'Wolfpack'",,,8,60,120,
SW0331,"Clone Trooper, 104th Battalion 'Wolfpack'",,,3,60,120,Wrong Helmet
SW0331,"Clone Trooper, 104th Battalion 'Wolfpack'",,,,,,
SW0331,"Clone Trooper, 104th Battalion 'Wolfpack'",,,,,,
SW0332,Eeth Koth,,,,,,
SW0336,Obi-Wan Kenobi (Old),,,,,,
SW0337,Princess Leia,,,,,,
SW0338,Ewok (Logray),10,,,,,
SW0338,Ewok (Logray),,,,,,
SW0339,Ewok (Tokkat),,,2,10,20,
SW0339,Ewok (Tokkat),20,,2,,,
SW0341,Commander Cody (Phase 1),,,5,,,
SW0341,Commander Cody (Phase 1),,,8,,,
SW0346,Princess Leia (Hoth),,,10,15,20,
SW0350,Dengar,,,,,,
SW0352,Admiral Piett,,,10,40,60,
SW0354,Zev Senesca,,,1,5,8,
SW0356,Han Solo (Celebration),,,,,,
SW0356,Han Solo (Celebration),,,,,,
SW0357,Han Solo (Young),,,,,,
SW0359,Commando Droid,7,,0.5,,,
SW0359,Commando Droid,7,,1,,,
SW0359,Commando Droid,7,,1,,,
SW0359,Commando Droid ,7,,1,,,
SW0359,Commando Droid ,7,,1,,,
SW0359,Commando Droid ,7,,1,,,Wrong legs
SW0359,Commando Droid ,7,,,,,
SW0359,Commando Droid ,5.87,,,,,
SW0359,Commando Droid ,7,,,,,
SW0359,Commando Droid ,7,,,,,
SW0359,Commando Droid ,7,,,,,
SW0359,Commando Droid ,7,,,,,
SW0360,Battle Droid Pilot (Blue),6,,0,,,
SW0360,Battle Droid Pilot (Blue),6,,0,,,
SW0360,Battle Droid Pilot (Blue),6,,1,,,
SW0360,Battle Droid Pilot Blue Torso,,,1,,,
SW0364,Sandtrooper,,,6,10,25,
SW0364,Sandtrooper,,,,,,
SW0365,C-3PO,,,3,,,
SW0365,C-3PO,,,3,,,
SW0366,Imperial Stormtrooper,,,2,7,12,
SW0367,Endor Rebel Commando (Dark tan vest),,,2,7,8,
SW0367,Endor Rebel Commando (Dark tan vest),,,1,7,8,
SW0368,Endor Rebel Commando (stubble),,,,,,
SW0368,Endor Rebel Commando (stubble),,,,,,
SW0371,Princess Leia (Celebration),,,,,,
SW0371,Princess Leia (Celebration),,,,,,
SW0372,Jeb Porkins,,,?,8,12,
SW0373,R5-D8,,,?,15,20,
SW0374,Death Star Trooper,,,?,,,
SW0376,Imperial Officer,,,?,8,10,Mislabeled as 0352
SW0377,ARC Trooper Hammer,,,2.5,,,
SW0377,ARC Trooper Hammer,,,?,,,
SW0377,ARC Trooper Hammer,,,2.5,30,60,
SW0377,ARC Trooper Hammer,,,3,30,60,
SW0377,ARC Trooper Hammer,,,5,30,60,
SW0377,ARC Trooper Hammer,,,3,30,60,
SW0377,ARC Trooper Hammer,,,1,30,60,
SW0377,ARC Trooper Hammer,,,3,30,60,
SW0377,ARC Trooper Hammer,,,5,30,60,
SW0377,ARC Trooper Hammer,,,2,30,60,
SW0377,ARC Trooper Hammer,,,,,,
SW0377,ARC Trooper Hammer,,,,,,
SW0378,ARF Trooper  ,,12,2,,,
SW0378,ARF Trooper  ,,,,,,
SW0378,ARF Trooper  ,,,,,,
SW0378,ARF Trooper  ,,,,,,
SW0378,ARF Trooper  ,,,,,,
SW0379,Barriss Offee,,,1,,,
SW0379,Barriss Offee,,,2,,,
SW0379,Barriss Offee,,,2,,,
SW0380,Commander Gree (Phase 1),20,,3,,,
SW0380,Commander Gree (Phase 1),15,,4,,,
SW0380,Commander Gree (Phase 1),20,,3,,,
SW0380,Commander Gree (Phase 1),,,2,10,20,Mislabeled as 0298
SW0381,Geonisian Warrioy w/ Wings,,,,,,
SW0382,Geonosian Zombie w/ Wings,,,,,,
SW0383,Sandtrooper,20,,4,,,missing pauldron
SW0383,Sandtrooper,,,4,10,20,missing pauldron
SW0384,Darth Maul,75,,,,,
SW0385,TC-14 Protocol Droid,,,18,120,200,
Sw0385,TC-14 Protocol Droid,,,12,120,200,
SW0386,Darth Vader,27.19,,,,,
SW0387,Queen Amidala (Red Dress),50,,21,,,
SW0387,Queen Amidala (Red Dress),,layaway,20,150,250,
SW0387,Queen Amidala (Red Dress),,,19,150,250,
SW0387,Queen Amidala (Red Dress),,,25,150,250,
SW0387,Queen Amidala (Red Dress),,layaway,19,150,250,
SW0387,Queen Amidala (Red Dress),,layaway,48,150,250,
SW0387,Queen Amidala (Red Dress),,,22,150,250,
SW0387,Queen Amidala (Red Dress),,,38,150,250,
SW0387,Queen Amidala (Red Dress),,,25,150,250,
SW0389,Satele Shan,,,,,,
SW0393,R3-D5,,,,,,
SW0393,R3-D5,,,,,,
SW0396,Boba Fett (Beard stubble),,,8,,,
SW0396,Boba Fett (Beard stubble),,,8,,,
SW0396,Boba Fett (Beard stubble),,,6,,,
SW0397,Kithaba,,,,,,
SW0397,Kithaba,,,,,,
SW0398,Lando Calrissian (Skiff Guard),,,,,,
SW0398,Lando Calrissian (Skiff Guard),,,,,,
SW0401,AT-ST Pilot,,,?,,,mislabeled as 0093
SW0402,Jabba the Hutt (Tan face),layaway,,22,40,80,
SW0402,Jabba the Hutt (Tan face),,,14,40,80,
SW0402,Jabba the Hutt (Tan face),,,20,40,80,
SW0402,Jabba the Hutt (Tan face),,,14,40,80,
SW0404,Bib Fortuna,20,,10,,,
SW0404,Bib Fortuna,,,6,,,
SW0405,Gamorrean Guard,,,,,,
SW0406,Oola,,60,,,,
SW0407,Boushh,,,18,95,120,
SW0408,Salacious B. Crumb,,,4,40,70,
SW0413,Darth Malgus,50 (layaway),,12.5,150,250,
SW0413,Darth Malgus,,,,,,
SW0414,Sith Trooper,,,,,,
SW0414,Sith Trooper,,,,,,
SW0415,Battle Droid Commander w/ Straight Arm,12,,1,,,
SW0416,Pre Vizsla,,,23,150,300,
SW0416,Pre Vizsla,,,20,150,300,
SW0416,Pre Vizsla,,,,150,300,
SW0419,Anakin Skywalker (Sith),,,,40,60,Sith With Cape
SW0421,Agen Kolar,,,11,110,180,
SW0422,Kit Fisto,50,,,,,
SW0427,Rebel Fleet Trooper,,,,,,
SW0427,Rebel Fleet Trooper,,,,,,
SW0431,Boba Fett (Balaclava Head),,,5,,,
SW0431,Boba Fett (Balaclava Head),,,8,,,
SW0434,Malakili,,,,,,
SW0434,Malakili,,,,,,
SW0436,Sith Trooper,,15,2,,,
SW0436,Sith Trooper,,,,,,
SW0436,Sith Trooper,,,,,,
SW0437,Rebel A-Wing Pilot,,,3,10,15,
SW0437,Rebel A-Wing Pilot,,,,,,
SW0438,Clone Trooper Sergeant (Phase 1),20,,2,,,
SW0439,501st Clone Trooper Pilot (Phase 2),39,,5,,,
SW0440,Rebel Trooper,,,,,,
SW0442,Clone Trooper (Phase 1),15,,0,,,
SW0442,Clone Trooper (Phase 1),13.08,,1,,,
SW0442,Clone Trooper (Phase 1),15,,1,,,
SW0442,Clone Trooper (Phase 1),20,,1.5,,,
SW0443,Sith Trooper,,10,2,,,
SW0443,Sith Trooper,,,2,8,15,
SW0443,Sith Trooper,,,,,,
SW0444,Rebel Trooper,,,,,,
SW0444,Rebel Trooper,,,,,,
SW0445,501st Clone Trooper (Phase 2),25,,2,,,
SW0445,501st Clone Trooper (Phase 2),25,,5,,,
SW0445,501st Clone Trooper (Phase 2),10,,3.5,,,
SW0446,Yoda,12,,1,,,
SW0446,Yoda,10,,1,,,
SW0446,Yoda,,10,3,,,
SW0446,Yoda,,,4,12,20,
SW0448,Commando Droid Captain,10,,1,,,
SW0448,Commando Droid Captain,,,1,,,
SW0448,Commando Droid Captain,,,0.5,,,
SW0448,Commando Droid Captain,,,,,,
SW0449,Obi-Wan Kenobi  ,,,,,,
SW0450,Captain Rex (Phase 2),,,10,150,300,
SW0450,Captain Rex (Phase 2),,,16,150,300,
SW0450,Captain Rex (Phase 2),,,25,150,300,
SW0451,Han Solo,,8,1,,,
SW0451,Han Solo,,12,3,,,
SW0451,Han Solo,,,,,,
SW0452,Ahsoka Tano (Padawan),28,,8,,,
SW0452,Ahsoka Tano (Padawan),45,,8,,,
SW0452,Ahsoka Tano (Padawan),,,?,,,
SW0453,212th Clone Trooper (Phase 2),25,,5,,,
SW0453,212th Clone Trooper (Phase 2),25,,3,,,
SW0454,Umbaran Soldier,,,1,10,20,
SW0456,R4-P17,,,,,,
SW0456,R4-P17,,,,,,
SW0457,Imperial TIE Fighter Bomber Pilot,,,2,,,Wrong Head and helmet
SW0462,Hoth Rebel Trooper Tan Uniform,,,,,,
SW0463,Snowtrooper,,,2,,,
SW0463,Snowtrooper,,,,,,
SW0464,Darth Vader (Celebration),,,,,,
SW0467,Battle Droid Dark Orange,,7,1,,,
SW0467,Battle Droid Dark Orange,,,1,,,
SW0467b,Battle Droid Dark Orange,,,1,,,
SW0468,Jango Fett (Smile),100,,10,,,
SW0468,Jango Fett (Smile),,,?,50,100,(Mislabeled as 0845)
SW0468,Jango Fett (Smile),,,?,50,100,Mislabeled as 0845
SW0468,Jango Fett (Smile),,,,50,100,
SW0469,Stass Allie,35,,5,,,
SW0469,Stass Allie,,,7,40,60,
SW0471,Yoda,12,,3,,,
SW0472,Count Dooku,,75,7,,,
SW0472,Count Dooku ,,,4,50,80,Mislabeled as 0060
SW0474,Poggle the Lesser,,,,25,40,
SW0475a,Jek-14,40,,11.5,,,
SW0476,Bounty Hunter,,,2.5,20,30,
SW0476,Bounty Hunter,,,?,,,
SW0476,Bounty Hunter,,,?,,,
SW0480,Coleman Trebor,,,8,,,
SW0480,Coleman Trebor ,,,9,,,Wrong legs
SW0481,Clone Trooper Commander (Phase 1),,25,3,,,
SW0481,Clone Trooper Commander (Phase 1),,20,6,,,
SW0481,Clone Trooper Commander (Phase 1),,,5,,,
SW0482,Battle Droid Commander,,7,1,,,
SW0485,Princess Leia (Slave Leia),,,12,90,150,
SW0486,Max Rebo,134,,7,,,
SW0488,Anakin Skywalker (Padawan),,,7,30,50,
SW0488,Anakin Skywalker (Padawan),,,,,,
SW0489,Obi-Wan Kenobi,,,,,,
SW0489,Obi-Wan Kenobi,,,,,,
SW0490,Padme Amidala (Geonosis Arena),34,,,,,
SW0491,Clone Pilot ,,,1,,,Wrong torso
SW0492,Clone Trooper Captain (Phase 1),,,6,,,
SW0492,Clone Trooper Captain (Phase 1),,,8,,,
SW0493,Darth Maul (Mechanical Legs),40,,,,,
SW0494,Mandalorian Super Commando,40,,,,,
SW0494,Mandalorian Super Commando,,,,,,
SW0499,Sith Warrior,46,,6.5,,,
SW0499,Sith Warrior,,,,,,
SW0499,Sith Warrior,,,,,,
SW0500,Kao Cen Darach,,,10,140,200,
SW0501,Jedi Consular,,,,,,
SW0502,Clone Trooper Lieutenant (Phase 1),,,3,,,
SW0503,Special Forces Commander,,,,,,
SW0504,Princess Leia (Endor),,,,,,
SW0504,Princess Leia (Endor),,,,,,
SW0504,Princess Leia (Endor),,,,,,
SW0504,Princess Leia (Endor),,,,,,
SW0504,Princess Leia (Endor),,,,,,
SW0505,Scout Trooper,,,6,10,15,
SW0508,,10,,,,,
SW0509,Luke Skywalker  ,35,,7,,,
SW0510,Ewok- Teebo ,60,,4,,,Mislabeled as 0237
SW0513,Ewok- Wicket,,,7,,,Mislabeled as 0238
SW0515,General Grevious,40,,,,,
SW0515,General Grevious,40,,,,,
SW0518,41st Kashyyyk Clone Trooper Phase 2,,15,1,,,
SW0518,41st Kashyyyk Clone Trooper Phase 2,,15,1,,,
SW0518,41st Kashyyyk Clone Trooper Phase 2,,,1,,,
SW0518,41st Kashyyyk Clone Trooper Phase 2,,,2,,,
SW0519,41st Kashyyyk Clone Trooper Phase 2,,18,1,,,
SW0519,41st Kashyyyk Clone Trooper Phase 2,,18,1,,,
SW0519,41st Kashyyyk Clone Trooper Phase 2,,,2,,,
SW0519,41st Kashyyyk Clone Trooper Phase 2,,,2,,,
SW0520,Imperial Gunner,,,,,,
SW0521,Royal Guard,,,2,6,10,
SW0521,Royal Guard,,,2,6,10,
SW0521,Royal Guard,,,2,6,10,
SW0521,Royal Guard,,,2,6,10,
SW0521,Royal Guard,,,2,6,10,
SW0521,Royal Guard,,,2,6,10,
SW0521,Royal Guard,,,,,,
SW0521,Royal Guard,,,,,,
SW0521,Royal Guard,,,,,,
SW0521,Royal Guard,,,,,,
SW0521,Royal Guard,,,,,,
SW0521,Royal Guard,,,,,,
SW0521,Royal Guard,,,,,,
SW0521,Royal Guard,,,,,,
SW0521,Royal Guard,,,,,,
SW0521,Royal Guard,,,,,,
SW0521,Royal Guard,,,,,,
SW0522,212th Clone Trooper,,20,2,,,
SW0522,212th Clone Trooper,,,2,,,
SW0522,212th Clone Trooper,,,1,,,
SW0522,212th Clone Trooper,,,2,,,
SW0522,212th Clone Trooper,,,3,,,
SW0522,212th Clone Trooper,,,1,,,
SW0522,212th Clone Trooper,,,1,,,
SW0522,212th Clone Trooper,,,1,,,
SW0522,212th Clone Trooper,,,1,,,
SW0522,212th Clone Trooper,,,1,,,
SW0523,212th Clone Airborne Trooper,,25,?,,,
SW0523,212th Clone Airborne Trooper,,,?,,,
SW0523,212th Clone Airborne Trooper,,,2,0,0,Missing Pauldron
SW0523,212th Clone Airborne Trooper,,,,,,
SW0523,212th Clone Airborne Trooper,,,,,,
SW0523,212th Clone Airborne Trooper,,,,,,
SW0523,212th Clone Airborne Trooper,,,,,,
SW0523,212th Clone Airborne Trooper,,,,,,
SW0523,212th Clone Airborne Trooper,,,,,,
SW0523,212th Clone Airborne Trooper,,,,,,
SW0523,212th Clone Airborne Trooper,,,,,,
SW0524,Clone BARC Trooper,,25,2,,,
SW0524,Clone BARC Trooper,,,3,,,
SW0524,Clone BARC Trooper,,,?,,,
SW0525,Clone Trooper V-Wing Pilot,,,,,,
SW0526,Anakin Skywalker (Headset),,,3,15,35,
SW0526,Anakin Skywalker (Headset),,,,,,
SW0526,Anakin Skywalker (Headset),,,,,,
SW0527A,R2-D2,,,,,,
SW0528,Commander Gree (Phase 2),,,8,,,
SW0528,Commander Gree (Phase 2),,,,,,
SW0529,Imperial Gunner,,,,,,
SW0530,Chief Tarfful,,,5,,,
SW0530,Chief Tarfful,,,3,,,
SW0531,Clone Shock Trooper (Phase 2),,,5,65,100,
SW0531,Clone Shock Trooper (Phase 2),,,7,65,100,
SW0531,Clone Shock Trooper (Phase 2),,,5,65,100,
SW0531,Clone Shock Trooper (Phase 2),,,5,65,100,
SW0531,Clone Shock Trooper (Phase 2),,,5,65,100,
SW0531,Shock Trooper Phase 2,,,,65,100,
SW0532,Chewbacca,,,4,,,
SW0535,Obi-Wan Kenobi,,,,,,
SW0535,Obi-Wan Kenobi,,,,,,
SW0537,104th Clone Trooper 'Woldpack' (Phase 2),,,4,70,100,
SW0537,104th Clone Trooper 'Woldpack' (Phase 2),,,12,70,100,
SW0537,104th Clone Trooper 'Woldpack' (Phase 2),,,5,70,100,Mislabeled as 0331
SW0539,Han Solo,,,3,6,19,
SW0539,Han Solo,,,,,,
SW0539,Han Solo,,,,,,
SW0540,Chancellor Palpatine,,,6,,,
SW0542,Anakin Skywalker,,,,,,
SW0543,Imperial TIE Fighter Pilot,10,,1,,,
SW0543,Imperial TIE Fighter Pilot,,,2,7,10,
SW0544,Rebel X-Wing Pilot,,,3,,,
SW0544,Rebel X-Wing Pilot,,,,,,
SW0546,TC-4 Protocol Droid,,,8.5,12,25,
SW0547,Darth Revan,,layaway,18,200,350,Layaway (Sealed polybag (5002123-1))
SW0547,Darth Revan,,layaway,0,200,350,Sealed polybag (5002123-1)
SW0547,Darth Revan,,layaway,20,200,350,Sealed polybag (5002123-1)
SW0547,Darth Revan,,layaway,0,200,350,Sealed polybag (5002123-1)
SW0547,Darth Revan,,layaway,?,200,350,Sealed polybag (5002123-1)
SW0548a,Sandtrooper,,,5,20,30,mislabeled as 0383
SW0548a,Sandtrooper,,,7,20,30,
SW0551,Luke Skywalker (Tatooine),,,4,7,10,
SW0552,Obi-Wan Kenobi,,,,,,
SW0552,Obi-Wan Kenobi,,,,,,
SW0552,Obi-Wan Kenobi,,,,,,
SW0553,Greedo w/ Belt,,,,,,
SW0554,Bith Musician,,,2,,,
SW0554,Bith Musician,,,1,,,
SW0554,Bith Musician,,,3,,,
SW0554,Bith Musician,,,3,,,
SW0554,Bith Musician,,,3,,,
SW0554,Bith Musician,,,3,,,
SW0554,Bith Musician,,,3,,,
SW0554,Bith Musician,,,3,,,
SW0554,Bith Musician,,,2,,,
SW0554,Bith Musician,,,2,,,
SW0557,General Airen Cracken,,,,,,
SW0566,Luke Skywalker (Tatooine),,,,,,
SW0566,Luke Skywalker (Tatooine),,,,,,
SW0568,Snowtrooper,,,2,8,12,
SW0575,Zeb Orrelios,,,21.75,120,150,
SW0575,Zeb Orrelios,,,19,120,150,
SW0576,Hera Syndulla,,,2,20,40,
SW0577,Kanan Jarrus (Black hair),,,,250,350,
SW0577,Kanan Jarrus (Black hair),,,,250,350,
SW0578,Imperial Stormtrooper (Azure helmet),,10,1,,,
SW0578,Imperial Stormtrooper (Azure helmet),,,1,7,10,
SW0578,Imperial Stormtrooper (Azure helmet),,,1,7,10,
SW0578,Imperial Stormtrooper (Azure helmet),,,1,7,10,"Custom helmet, stuck on head"
SW0578,Imperial Stormtrooper (Azure helmet),,,1,7,10,mislabeled as 0188
SW0578,Imperial Stormtrooper (Azure helmet),,,1,7,10,mislabeled as 0188
SW0579,General Maximillian Veers,,,,,,
SW0579,General Maximillian Veers,,,,,,
SW0580,Snowtrooper Commander,,,,,,
SW0580,Snowtrooper Commander,,,,,,
SW0581,AT-AT Driver,,,2,7,9,
SW0583,Imperial Navy Trooper,,,,,,
SW0583,Imperial Navy Trooper,,,,,,
SW0585,Imperial Stormtrooper  ,,,2,10,15,
SW0585,Imperial Stormtrooper  ,,,2,10,15,
SW0590,Jawa w/ Gold Badge,,,,,,
SW0595,Emperor Palpatine,,,,,,
SW0599,Santa Darth Vader,,,,,,
SW0603,Imperial Shadow Stormtrooper,,9,1,,,
SW0603,Imperial Shadow Stormtrooper,,,,,,
SW0604,Shadow Guard,,8,1,,,
SW0604,Shadow Guard,,,1,6,10,
SW0604,Shadow Guard,,,2,6,10,
SW0604,Shadow Guard,,,2,6,10,
SW0604,Shadow Guard,,,2,6,10,
SW0604,Shadow Guard,,,2,6,10,
SW0604,Shadow Guard,,,?,6,10,
SW0604,Shadow Guard,,,?,6,10,
SW0604,Shadow Guard,,,?,6,10,
SW0605,Geonosis Clone Airborne Trooper (Phase 2),,12,?,,,
SW0605,Geonosis Clone Airborne Trooper (Phase 2),,12,?,,,
SW0605,Geonosis Clone Airborne Trooper (Phase 2),,,?,,,
SW0605,Geonosis Clone Airborne Trooper (Phase 2),,,,,,
SW0606,Geonosis Clone Trooper (Phase 2),12,,?,,,
SW0606,Geonosis Clone Trooper (Phase 2),,,,,,
SW0606,Geonosis Clone Trooper (Phase 2),,,,,,
SW0606,Geonosis Clone Trooper (Phase 2),,,,,,
SW0606,Geonosis Clone Trooper (Phase 2),,,,,,
SW0607,Snowspeeder Pilot,,,2,7,10,
SW0610,Boba Fett (Slave 1 UCS),,,20,,,Slave1
SW0611,Bespin Guard,,,5,,,
SW0613,Senate Commando Captain,14,,1,,,
SW0613,Senate Commando Captain,10,,1,,,
SW0614,Senate Commando ,15,,1,,,wrong head
SW0614,Senate Commando ,,,0.5,8,15,
SW0614,Senate Commando ,,,0.5,8,15,
SW0614,Senate Commando ,,,,,,
SW0614,Senate Commando ,,,,,,
SW0614,Senate Commando ,,,,,,
SW0614,Senate Commando ,,,,,,
SW0614,Senate Commando ,,,,,,
SW0614,Senate Commando ,,,,,,
SW0615,,30,,,,,
SW0616,Sabine Wren,,,5,,,with hair (helmet is $80)
SW0616,Sabine Wren,,,,,,custom figure
SW0616,Sabine Wren,,,5,110,140,with hair (helmet is $80)
SW0617,Imperial Stormtrooper,20 (paid twice),10,1,,,mislabeled as 0578
SW0617,Imperial Stormtrooper,,,1,7,12,mislabeled as 0578
SW0617,Imperial Stormtrooper,,,1,7,12,mislabeled as 0188
SW0617,Imperial Stormtrooper,,,1,7,12,mislabeled as 0188
SW0618,Anakin Skywalker,,,3,0,0,Cracked Torso
SW0619,T-16 Skyhopper Pilot,,,3,7,10,
SW0620,Tusken Raider,,,5,6,8,
SW0620,Tusken Raider,,,2,6,8,
SW0620,Tusken Raider,,,2,6,8,
SW0621,Imperial TIE Fighter Pilot,,,1,7,10,
SW0621,Imperial TIE Fighter Pilot,,,1,7,10,
SW0621,Imperial TIE Fighter Pilot,,,,,,
SW0621,Imperial TIE Fighter Pilot,,,,,,
SW0629,Clone Trooper Lieutenant (Phase 1) ,,,5,,,"Mislabeled 0502, wrong head"
SW0630,Imperial Stormtrooper Sergeant,,,,10,20,
SW0630,Imperial Stormtrooper Sergeant,,,0,15,20,Sealed polybag (5002938-1)
SW0631,Boba Fett (White from Encyclopedia),55,,6,,,
SW0631,Boba Fett (White from Encyclopedia),,,8,,,
SW0631,Boba Fett (White from Encyclopedia),,,0,,,
SW0631,Boba Fett (White from Encyclopedia),,,6,50,70,Sealed
SW0631,Boba Fett (White from Encyclopedia),,,8,50,70,Sealed
SW0631,Boba Fett (White from Encyclopedia),,,8,50,70,Sealed
SW0633,Admiral Yularen,,,0,80,100,sealed polybag (5002947-1)
SW0633,Admiral Yularen,,,0,80,100,sealed polybag (5002947-1)
SW0635,Emperor Palpatine,,,,,,
SW0648,Astromech Droid (Imperial),,,,,,
SW0648,Astromech Droid (Imperial),,,,,,
SW0650,Darth Maul  ,25,,,,,
SW0653,C-3PO Dark Red Arm (opened),,,3,10,15,
SW0653,C-3PO Dark Red Arm (Polybag),15,,1.8,,,sealed polybag (5002948-1)
SW0653,C-3PO Dark Red Arm (Polybag),15,,1.8,,,sealed polybag (5002948-1)
SW0653,C-3PO Dark Red Arm (Polybag),15,,1.8,,,sealed polybag (5002948-1)
SW0654,First Order Crew Member,,,,,,
SW0656,First Order Snowtrooper Officer,,,,,,
SW0661,BB-8,,8,1,,,
SW0661,BB-8,,,3,,,
SW0661,BB-8,,,3,,,
SW0662,General Hux,,,,,,
SW0663,Kylo Ren,,,13,20,30,
SW0663,Kylo Ren,,,,20,30,
SW0663,Kylo Ren,,,,,,
SW0664,First Order Stormtrooper Officer,,,,,,
SW0665,First Order Officer (Female),,,,,,
SW0666,First Order Flametrooper,,,,,,
SW0671,First Order Crew Member,,,,,,
SW0677,,7,,,,,
SW0683,Assassin Droid,,,,,,
SW0684,Captain Phasma,,,12,,,
SW0685,Yoda,,,3,10,12,
SW0691,Imperial Jet Pack Trooper,,,,,,
SW0692,Imperial Shock Trooper,,,,,,
SW0700,C-3PO ,,,3,,,
SW0701,First Order Snowtrooper  ,,,,,,
SW0703,Maz Kanata,,,,,,
SW0704,Obi-Wan Kenobi (Headset),,,,,,
SW0705,Resistance X-Wing Pilot,,,3,7,8,
SW0705,Resistance X-Wing Pilot,,,3,7,8,
SW0707,Yoda,12,,4,,,
SW0707,Yoda,12,,4,,,
SW0711,Boba Fett (Slave 1 20th Anniversary),25,,5,,,
SW0711,Boba Fett (Slave 1 20th Anniversary),25,,4,,,
SW0711,Boba Fett (Slave 1 20th Anniversary),,,4.5,15,40,
SW0711,Boba Fett (Slave 1 20th Anniversary),,,2.35,15,40,
SW0711,Boba Fett (Slave 1 20th Anniversary),,,,,,
SW0711,Boba Fett (Slave 1 20th Anniversary),,,,,,
SW0711,Boba Fett (Slave 1 20th Anniversary),,,,,,
SW0711,Boba Fett (Slave 1 20th Anniversary),,,,,,
SW0711,Boba Fett (Slave 1 20th Anniversary),,,,,,
SW0711,Boba Fett (Slave 1 20th Anniversary),,,,,,
SW0714,Han Solo,,,,,,
SW0715,First Order General,,,,7,10,Sealed polybag (5004406-1)
SW0715,First Order General,,,,7,10,Sealed polybag (5004406-1)
SW0715,First Order General,,,,7,10,Sealed polybag (5004406-1)
SW0715,First Order General,,,,7,10,Sealed polybag (5004406-1)
SW0716,Finn (FN-2187),,,,7,15,
SW0717,Kylo Ren,,,5,10,20,
SW0717,Kylo Ren,,,,,,
SW0718,General Leia,,,,,,
SW0719,Admiral Ackbar,,15,5,,,
SW0722,First Order Heavy Assault Stormtrooper,,,0,15,20,Sealed polybag (30602)
SW0722,First Order Heavy Assault Stormtrooper,,,,,,
SW0723,Unkar's Brute,,,2,7,8,
SW0725,K-3PO,,,,,,
SW0734,Hoth Rebel Trooper,,,,,,
SW0737,Poe Dameron,,,,,,
SW0738,Lor San Tekka,,,,10,30,
SW0738,Lor San Tekka,,,,10,30,
SW0744,Darth Vader (White head),,35,,,,
SW0750,Commander Wolffe (Old),40,,5,,,
SW0752,Naare,,,5,20,30,
SW0757,Rebel A-Wing Pilot,10,,0,,,Sealed polybag (5004408-1)
SW0757,Rebel A-Wing Pilot,,10,0,,,Sealed polybag (5004408-1)
SW0757,Rebel A-Wing Pilot,,,0,7,9,Sealed polybag (5004408-1)
SW0759,Ahsoka Tano,,Layaway,8,250,500,Sold (mislabeled as 0309)
SW0759,Ahsoka Tano,,Layaway,6,250,500,mislabeled as 0309
SW0759,Ahsoka Tano,,,14.6,250,500,
SW0759,Ahsoka Tano,,,14.6,250,500,
SW0763,Chewbacca (Snow),10,,2,,,
SW0764B,Snowtrooper   ,,,1,7,10,
SW0764B,Snowtrooper   ,,,1,7,10,
SW0781,Director Krennic,,75,,,,
SW0781,Director Krennic,,,,,,
SW0783,Baze Malbus,,,3,12,20,
SW0787,,40,,,,,
SW0788,Imperial TIE Fighter Striker Pilot,,10,1,,,
SW0789,Chirrut Imwe,,,,,,
SW0797,Imperial AT-ST Driver,,,,,,
SW0798,Pao,,,,,,
SW0800,Rebel U-Wing Pilot,,,2,10,20,
SW0802,Imperial Shuttle Pilot,,,,,,
SW0809,R3-S1,,,,,,
SW0811,Grand Admiral Thrawn,,,,,,
SW0829,Anakin Skywalker,,,2,,,
SW0839,Guavian Security Soldier,,,,,,
SW0839,Guavian Security Soldier,,,,,,
SW0839,Guavian Security Soldier,,,,,,
SW0840,Bala-Tik,,,4.5,,,
SW0852,,,40,,,,
SW0855,BB-9E,,,3,,,
SW0882,Sandspeeder Pilot,,,5.5,25,40,
SW0909,Barriss Offee,,,1,,,
SW0909,Barriss Offee,,,2,,,
SW0910,Clone Trooper (Phase 1),13,,2,,,
SW0910,Clone Trooper (Phase 1),16,,3,,,
SW0940,Bala-Tik,,,4.5,,,
SW0942,Weazel,,,3,8,12,
SW0984,Han Solo in Carbonite,,,0.5,5,10,
SW0988,Inferno Squad Agent,,,,,,
SW1005,Finch Dallow,,layaway,54,1000,1500,
Tauntaun,Tauntaun (64800pb01c02f),30,,,,,
Tauntaun,Tauntaun (64800pb01c02f),27,,6,,,
Wampa,Wampa,45,,6,,,
Wampa,Wampa,55,,5,,,
