Set Number,Set Name,Sold,Upcoming,Cost,Low Value,High Value
4501,Mos Eisley Cantina Blue Box,,,104.99,250,400
4501,Mos Eisley Cantina Trilogy Box,,,135.46,250,350
6212,X-Wing Fighter,115,,64,,
6212,X-Wing Fighter,,,103.38,100,150
6964,Bob Fett's Slave 1 (Micro),,,?,,
7140,X-Wing Fighter,,Layaway,75,165,350
7660,Naboo N-1 Starfighter w/ Vulture Droid,,,40,150,200
7676,Republic Attack Gunship,,,,,
7914,Mandalorian Battle Pack,,Layaway,15.5,50,80
7962,Anakin Skywalker and Sebulba's Podracers,,Layaway,87.99,175,300
7965,Millennium Falcon,25,Layaway,249.99,200,300
7965,Millennium Falcon,,,229.99,200,300
7965,Millennium Falcon,,,219.99,200,300
8092,Luke's Landspeeder,,69.99,39.94,,
8098,Clone Turbo Tank,,,80,300,500
8098,Clone Turbo Tank,,,167.5,300,500
8098,Clone Turbo Tank,,,199,300,500
9488,Elite Clone Trooper & Commando Battle Pack,,,14.99,100,150
9488,Elite Clone Trooper & Commando Battle Pack,149.99,,14.99,,
9488,Elite Clone Trooper & Commando Battle Pack,,,19.25,100,150
9488,Elite Clone Trooper & Commando Battle Pack,,Layaway,14.99,100,150
9488,Elite Clone Trooper & Commando Battle Pack,,Layaway,13.5,100,150
9488,Elite Clone Trooper & Commando Battle Pack,,Layaway,18,100,150
9488,Elite Clone Trooper & Commando Battle Pack,,,13.5,100,150
9488,Elite Clone Trooper & Commando Battle Pack,,,13.5,100,150
9488,Elite Clone Trooper & Commando Battle Pack,,,15.5,100,150
9488,Elite Clone Trooper & Commando Battle Pack,,,15.5,100,150
9488,Elite Clone Trooper & Commando Battle Pack,,,14,100,150
9488,Elite Clone Trooper & Commando Battle Pack,,,14,100,150
9488,Elite Clone Trooper & Commando Battle Pack,,,12.99,100,150
9488,Elite Clone Trooper & Commando Battle Pack,,,25,,5
9488,Elite Clone Trooper & Commando Battle Pack,,,15.99,100,150
9488,Elite Clone Trooper & Commando Battle Pack,,,15.99,,5
9488,Elite Clone Trooper & Commando Battle Pack,,,11.7,,5
9488,Elite Clone Trooper & Commando Battle Pack,,,11.7,100,150
9488,Elite Clone Trooper & Commando Battle Pack,,,11.7,100,150
9488,Elite Clone Trooper & Commando Battle Pack,,,11.7,100,150
9488,Elite Clone Trooper & Commando Battle Pack,,,11.7,100,150
9492,TIE Fighter,,89.99,80,,
9492,TIE Fighter,,,80,80,100
9492,TIE Fighter,,,?,,
9493,X-Wing Starfighter,,,146.99,150,200
9493,X-Wing Starfighter,,,86.45,150,200
9493,X-Wing Starfighter,,,75,150,200
9493,X-Wing Starfighter,,,85,150,200
9496,Desert Skiff,,,31.95,75,100
9496,Desert Skiff,99.99,,36.7,,
9496,Desert Skiff,,,31.95,75,100
9499,Gungun Sub,100,,50,,
9516,Jabba's Palace,,,129,,
9525,Pre Vizsla's Mandalorian Fighter,,,36,200,400
10123,Cloud City,,Layaway,1040,4000,10000
10123,Cloud City,,,968,4000,10000
10178,Motorized Walking AT-AT,,Layaway,?,,
10188,Death Star UCS,999.99,,399.95,,
10188,Death Star UCS,,Layaway,399.99,800,1000
10188,Death Star UCS,,Layaway,439,800,1000
10188,Death Star UCS,,Layaway,499,800,1000
10188,Death Star UCS,999.99,,450,,
10188,Death Star UCS,1000,,455,,
10198,Tantive IV,,Layaway,230,350,450
10198,Tantive IV,140,,?,,
10215,Obi Wan's Jedi Starfighter UCS,,,120,300,500
10215,Obi Wan's Jedi Starfighter UCS,,,120,300,500
10236,Ewok Villiage UCS,750,,224.99,,
10236,Ewok Villiage UCS,,Layaway,239.01,680,750
10236,Ewok Villiage UCS,,Layaway,175.99,,
10236,Ewok Villiage UCS,,,198,680,750
10240,Red Five X-Wing Starfighter UCS,,,199.99,260,500
10240,Red Five X-Wing Starfighter UCS,,,199.99,260,500
10240,Red Five X-Wing Starfighter UCS,,,199.99,260,500
10240,Red Five X-Wing Starfighter UCS,,,199.99,260,500
20019,Slave 1 (BrickMaster),,,?,,
30278,Poe's X-Wing Fighter Pack,8,,7.19,,
30278,Poe's X-Wing Fighter Pack,,,7.19,40,10
75001,Republic Troopers VS Sith Troopers,,54.99,11.99,,
75001,Republic Troopers VS Sith Troopers,,,11.99,40,60
75001,Republic Troopers VS Sith Troopers,,,11.99,40,60
75001,Republic Troopers VS Sith Troopers,,,6.99,40,60
75004,Z-95 Headhunter,,Layaway,48.79,175,250
75005,Rancor Pit,,Layaway,42.99,300,350
75012,BARC Speeder with Sidecar,100,,27.99,,
75012,BARC Speeder with Sidecar,,,27.99,400,450
75013,Umbaran Mobile Heavy Cannon,199.99,,60,,
75016,Homing Spider Droid,,,18,,
75018,Jek-14's Stealth Starfighter,,107,72.5,,
75018,Jek-14's Stealth Starfighter,,,60,200,250
75018,Jek-14's Stealth Starfighter,,,60,200,250
75019,AT-TE,,,140.95,350,400
75019,AT-TE,,,125,360,400
75020,Jabba's Sail Barge,,layaway,99.98,500,600
75021,Republic Gunship,13 (layaway),layaway,114.95,800,900
75021,Republic Gunship (Built),120,,?,,
75022,Mandalorian Speeder,,,38,160,180
75022,Mandalorian Speeder,,,42.48,160,180
75022,Mandalorian Speeder,,,29,160,180
75024,HH-87 Starhopper,,layaway,35,100,200
75025,Jedi Defender Class Cruiser,,,52.98,300,500
75028,Clone Turbo Tank Micro,,,7.47,20,100
75028,Clone Turbo Tank Micro,,layaway,7.47,20,100
75028,Clone Turbo Tank Micro,,,9.99,20,100
75028,Clone Turbo Tank Micro,,,8,20,100
75028,Clone Turbo Tank Micro,53.99,,10.99,,
75028,Clone Turbo Tank Micro,,,7.99,20,100
75028,Clone Turbo Tank Micro,,,3.5,20,100
75029,AAT Micro,,34.99,9.99,,
75029,AAT Micro,,34.99,8,,
75029,AAT Micro,,,8,15,40
75029,AAT Micro,,,10.99,15,40
75029,AAT Micro,,,?,15,40
75030,Millennium Falcon Micro,,29.99,9.89,,
75030,Millennium Falcon Micro,24.99,,9.99,,
75030,Millennium Falcon Micro,24.99,,9.99,,
75030,Millennium Falcon Micro,,,9.99,15,30
75030,Millennium Falcon Micro,,,8,15,30
75030,Millennium Falcon Micro,,,10.99,15,30
75031,TIE Interceptor Micro,24.99,,9.97,,
75031,TIE Interceptor Micro,29.99,,9.97,,
75031,TIE Interceptor Micro,24.99,,8,,
75031,TIE Interceptor Micro,,,10.99,15,30
75032,X-Wing Fighter & Pilot Micro,34.99,,9.99,,
75032,X-Wing Fighter Micro,,34.99,12.99,,
75032,X-Wing Fighter Micro,,,12.99,15,40
75032,X-Wing Fighter Micro,,,9.97,15,40
75032,X-Wing Fighter Micro,,,8,15,40
75032,X-Wing Fighter Micro,,,7,15,40
75032,X-Wing Fighter Micro,,,10.99,15,40
75032,X-Wing Fighter Micro,,,2.98,15,40
75033,Star Destroyer Micro,34.99,,7.99,,
75033,Star Destroyer Micro,,,7.99,15,40
75033,Star Destroyer Micro,,,7.99,15,40
75033,Star Destroyer Micro,,,8,15,40
75033,Star Destroyer Micro,,,10.99,15,40
75034,Death Star Troopers,39.99,,12.97,,
75034,Death Star Troopers,30.99,,12.97,,
75034,Death Star Troopers,,36.07,12.59,,
75034,Death Star Troopers,,,12.34,20,40
75034,Death Star troopers,,,0,20,40
75034,Death Star Troopers,,,14.98,20,40
75034,Death Star Troopers,,,14.98,,5
75034,Death Star Troopers,,,14.98,,
75035,Kashyyyk Troopers,,,12.97,60,100
75035,Kashyyyk Troopers,89.99,,12.97,,
75035,Kashyyyk Troopers,,,12.97,60,100
75035,Kashyyyk Troopers,,,12.99,60,100
75035,Kashyyyk Troopers,,,12.99,60,100
75035,Kashyyyk Troopers,,,12.97,60,100
75035,Kashyyyk Troopers,,,12.97,60,100
75035,Kashyyyk Troopers,,,11.19,60,100
75035,Kashyyyk Troopers,60,,11.19,,
75035,Kashyyyk Troopers,,,11.19,60,100
75036,Utapua Troopers,,layaway,12.97,80,150
75036,Utapua Troopers,,layaway,12.97,80,150
75036,Utapua Troopers,,,9.51,80,150
75036,Utapua Troopers,,,9.51,80,150
75036,Utapua Troopers,,,12.97,80,150
75036,Utapua Troopers,,,11.19,80,150
75036,Utapua Troopers,,,11.19,,5
75036,Utapua Troopers,,,11.19,,
75037,Battle of Saleucami,,81.59,14.24,,
75037,Battle of Saleucami,,,6.99,50,100
75037,Battle of Saleucami,,,14.24,50,100
75037,Battle on Saleucami,,,14.99,50,100
75038,Jedi Intercepter,91.99,,24.97,,
75038,Jedi Intercepter,,99.99,23.39,,
75038,Jedi Intercepter,,,24.97,50,100
75038,Jedi Intercepter,99,,0,,
75039,V-Wing Starfighter,,,22,80,150
75039,V-Wing Starfighter,,,20,,
75040,General Grevious Wheel Bike,149.99,,24.97,,
75040,General Grevious Wheel Bike,,layaway,23.74,130,150
75040,General Grevious Wheel Bike,150,,23.74,130,150
75041,Vulture Droid,,,19.99,100,200
75041,Vulture Droid,,,19.99,100,200
75042,Droid Gunship,,layaway,46.79,100,150
75042,Droid Gunship,,,38,100,150
75043,AT-AP,,layaway,49.99,180,200
75043,AT-AP,,,55.79,180,200
75044,Droid Tri-Fighter,,layaway,28.49,120,150
75045,Republic AV-7 Anti-Vehicle Cannon,,,39.99,200,400
75045,Republic AV-7 Anti-Vehicle Cannon,,,39.99,200,400
75045,Republic AV-7 Anti-Vehicle Cannon,,,39,200,400
75045,Republic AV-7 Anti-Vehicle Cannon,,layaway,?,,
75046,Coruscant Police Gunship,,layaway,37.39,400,500
75046,Coruscant Police Gunship,,,71,400,500
75048,The Phantom,,,24.99,200,250
75049,Snowspeeder,149.99,,29.97,,
75049,Snowspeeder,139.99,,29.99,,
75050,B-Wing,199.99,,49.49,,
75050,B-Wing,,,39.99,100,200
75051,Jedi Scout Fighter,,199.99,47.99,100,200
75051,Jedi Scout Fighter,,,58.49,100,200
75052,Mos Eisley Cantina,,layaway,75,,
75052,Mos Eisley Cantina,,stolen,50.99,,
75053,The Ghost,,,67.99,800,900
75053,The Ghost,,,85.49,800,900
75053,The Ghost   ,,,69.99,800,900
75054,AT-AT,,layaway,109.97,100,250
75054,AT-AT,,,81.59,100,250
75054,AT-AT,,,80.44,100,250
75054,AT-AT ,,,81.59,100,250
75055,Imperial Star Destroyer,379.99,,95.19,,
75055,Imperial Star Destroyer,380,,95.19,,
75055,Imperial Star Destroyer,,layaway,95.19,350,380
75058,MTT,,layaway,89.99,,
75058,MTT,,,89.99,400,450
75059,Sandcrawler UCS,,layaway,299.99,,
75059,Sandcrawler UCS,,layaway,269.99,,
75059,Sandcrawler UCS,,layaway,239.99,,
75060,Slave 1 UCS,100,layaway,199,,
75060,Slave 1 UCS,,layaway,199,,
75060,Slave 1 UCS,,layaway,188,600,700
75072,ARC-170 Starfighter Micro,34.99,,9.97,,
75072,ARC-170 Starfighter Micro,39.99,,9.97,,
75072,ARC-170 Starfighter Micro,,layaway,9.99,20,40
75072,ARC-170 Starfighter Micro,,layaway,9.99,20,40
75072,ARC-170 Starfighter Micro,,,9.97,20,40
75072,ARC-170 Starfighter Micro,,,9.49,20,40
75072,ARC-170 Starfighter Micro,,,0,20,40
75072,ARC-170 Starfighter Micro,,,8,20,40
75072,ARC-170 Starfighter Micro,,,8.99,20,40
75072,ARC-170 Starfighter Micro,,,10.99,20,40
75072,ARC-170 Starfighter Micro,,,9,20,40
75072,ARC-170 Starfighter Micro,,,9,20,40
75072,ARC-170 Starfighter Micro,,,9,20,40
75072,ARC-170 Starfighter Micro,,,9,20,40
75072,ARC-170 Starfighter Micro,,,8.99,,
75073,Vulture Droid Micro,,22.46,9.49,,
75073,Vulture Droid Micro,,,9.49,20,40
75073,Vulture Droid Micro,,,9.99,20,40
75073,Vulture Droid Micro,,,9.99,20,40
75073,Vulture Droid Micro,,,8,20,40
75073,Vulture Droid Micro,,,8,20,40
75073,Vulture Droid Micro,,,10.99,20,40
75074,Snowspeeder Micro,24.99,,7.47,,
75074,Snowspeeder Micro,24.99,,9.99,,
75074,Snowspeeder Micro,29.99,,9.99,,
75074,Snowspeeder Micro,,22.49,9.97,,
75074,Snowspeeder Micro,,,8.99,15,30
75074,Snowspeeder Micro,,,8.09,15,30
75074,Snowspeeder Micro,,,8.09,15,30
75074,Snowspeeder Micro,,,8.09,15,30
75074,Snowspeeder Micro,,,8,15,30
75074,Snowspeeder Micro,,,8,15,30
75074,Snowspeeder Micro,,,7.6,15,30
75074,Snowspeeder Micro,,,7.6,15,30
75074,Snowspeeder Micro,,,7.56,15,30
75074,Snowspeeder Micro,,,7.56,15,30
75074,Snowspeeder Micro,,,7.56,15,30
75074,Snowspeeder Micro,,,10.99,15,30
75074,Snowspeeder Micro,,,8.99,15,30
75074,Snowspeeder Micro,,,?,,
75075,AT-AT Micro,24.99,,9.97,,
75075,AT-AT Micro,,19.99,9.99,15,30
75075,AT-AT Micro,,24.99,9.99,15,30
75075,AT-AT Micro,,25.99,9.99,15,30
75075,AT-AT Micro,,24.99,9.97,15,30
75075,AT-AT Micro,,9.24,9.97,15,30
75075,AT-AT Micro,24.99,,9.97,,
75075,AT-AT Micro,24.99,,9,,
75075,AT-AT Micro,,,9,15,30
75075,AT-AT Micro,,,8.99,15,30
75075,AT-AT Micro,,,8.89,15,30
75075,AT-AT Micro,,,8.77,15,30
75075,AT-AT Micro,,,8,15,30
75075,AT-AT Micro,,,8,15,30
75075,AT-AT Micro,,,8,15,30
75075,AT-AT Micro,,,7.56,15,30
75075,At-AT Micro,,,7.56,15,30
75075,AT-AT Micro,,,10.99,15,30
75075,AT-AT Micro,,,8.99,15,30
75076, Republic Gunship Micro,44.99,,9.97,,
75076,Republic Gunship Micro,,44.99,7.47,,
75076,Republic Gunship Micro,44.99,,7.47,,
75076,Republic Gunship Micro,44.99,,9.99,,
75076,Republic Gunship Micro,,layaway,9.99,20,50
75076,Republic Gunship Micro,,,9.99,20,50
75076,Republic Gunship Micro,,,9.97,20,50
75076,Republic Gunship Micro,,,9.97,20,50
75076,Republic Gunship Micro,,,5.99,20,50
75076,Republic Gunship Micro,,,8,20,50
75076,Republic Gunship Micro,,,10.99,20,50
75077,Homing Spider Droid Micro,,25.99,9.99,,
75077,Homing Spider Droid Micro,,25.99,9.49,,
75077,Homing Spider Droid Micro,,22.09,9.49,,
75077,Homing Spider Droid Micro,,layaway,9.49,,
75077,Homing Spider Droid Micro,,,8,15,30
75077,Homing Spider Droid Micro,,,10.99,15,30
75078,Imperial Troop Transport,,35.99,7.99,,
75078,Imperial Troop Transport,,39.99,12.97,,
75078,Imperial Troop Transport,,39.99,12.97,,
75078,Imperial Troop Transport,,39.99,12.34,,
75078,Imperial Troop Transport,,layaway,12.34,,
75078,Imperial Troop Transport,,,12.34,20,40
75078,Imperial Troop Transport,,,12.34,20,40
75078,Imperial Troop Transport,,,11.19,20,40
75078,Imperial Troop Transport,,,11.19,20,40
75078,Imperial Troop Transport,39.99,,12.99,,
75078,Imperial Troop Transport,39.99,,12.99,,
75078,Imperial Troop Transport,35.99,,12.99,,
75078,Imperial Troop Transport,39.99,,12.99,,
75078,Imperial Troop Transport,39.99,,12.99,,
75078,Imperial Troop Transport,39.99,,7.99,,
75079,Shadow Troopers,49.99,,10.39,,
75079,Shadow Troopers,49.99,,12.97,,
75079,Shadow Troopers,,layaway,9.51,30,50
75079,Shadow Troopers,,,12.97,30,50
75079,Shadow Troopers,,,12.97,30,50
75079,Shadow Troopers,,,12.97,30,50
75079,Shadow Troopers,,,11.19,30,50
75079,Shadow Troopers,,,12.99,30,50
75079,Shadow Troopers,,,12.99,30,50
75079,Shadow Troopers,,,12.99,30,50
75079,Shadow Troopers,,,12.99,30,50
75079,Shadow Troopers,,,12.99,30,50
75079,Shadow Troopers,,,9.99,30,50
75079,Shadow Troopers,,,9.89,30,50
75079,Shadow Troopers,,,9.89,,5
75079,Shadow Troopers,,,10.49,30,50
75080,AAT,,,24.29,,
75080,AAT,,,23.74,45,100
75080,AAT,,,22.99,,
75081,T-16 Skyhopper,,49.99,24.97,,
75081,T-16 Skyhopper,,,23.74,40,60
75082,TIE Advanced Prototype,,90,39.97,,
75082,TIE Advanced Prototype,,,39.97,150,250
75082,TIE Advanced Prototype,,,39.97,150,250
75082,TIE Advanced Prototype,,,39.97,150,250
75082,TIE Advanced Prototype,,,0,150,250
75083,AT-DP,,,49.97,150,200
75083,AT-DP,,,37.39,150,200
75083,AT-DP,,,49.99,150,200
75084,Wookie Gunship,150,,50.99,,
75084,Wookie Gunship,,127.5,69.99,,
75085,Hailfire Droid,,,19.99,70,150
75085,Hailfire Droid,,,18.99,70,150
75085,Hailfire Droid,,,19.99,70,150
75085,Hailfire Droid,,,18.99,70,150
75085,Hailfire Droid,,,18,70,150
75086,Battle Droid Troop Carrier,,,29.23,,
75086,Battle Droid Troop Carrier,,,38.69,100,200
75086,Battle Droid Troop Carrier,,,38.69,,
75087,Anakin's Custom Jedi Starfighter,,layaway,29.23,200,300
75087,Anakin's Custom Jedi Starfighter,,249.99,39.97,200,300
75087,Anakin's Custom Jedi Starfighter,,,39.97,200,300
75088,Senate Command Troopers,54.99,,10.39,,
75088,Senate Command Troopers,54.99,,12.97,,
75088,Senate Command Troopers,,layaway,12.97,,
75088,Senate Command Troopers,,,12.99,40,60
75088,Senate Command Troopers,,,12.99,40,60
75088,Senate Command Troopers,,,12.99,40,60
75088,Senate Command Troopers,,,12.99,40,60
75088,Senate Command Troopers,,,12.99,40,60
75088,Senate Command Troopers,,,7.99,,5
75088,Senate Command Troopers,,,9.19,,
75089,Genosis Troopers,,69.99,7.99,,
75089,Geonosis Troopers,,69.99,9.51,,
75089,Geonosis Troopers,59.99,,12.97,,
75089,Geonosis Troopers,69.99,,12.97,,
75089,Geonosis Troopers,69.99,,12.59,,
75089,Geonosis Troopers,69.99,,12.97,,
75089,Geonosis Troopers,69.99,,11.19,,
75089,Geonosis Troopers,,,11.19,50,75
75089,Geonosis Troopers,,,11.19,,5
75089,Geonosis Troopers,,,12.99,50,75
75089,Geonosis Troopers,,,12.99,50,75
75089,Geonosis Troopers,,,12.99,50,75
75089,Geonosis Troopers,,,12.99,50,75
75089,Geonosis Troopers,,,12.99,50,75
75089,Geonosis Troopers,,,9.89,50,75
75089,Geonosis Troopers,,,10.39,50,75
75090,Ezra's Speeder Bike,100,,19.97,,
75090,Ezra's Speeder Bike,,109.99,19.97,,
75090,Ezra's Speeder Bike,,,19.99,,
75090,Ezra's Speeder Bike,,,19.97,90,120
75091,Flash Speeder,,,29.24,40,60
75092,Naboo Starfighter,,layaway,49.99,150,250
75092,Naboo Starfighter,,,39.99,150,250
75093,Death Star Final Dual,,layaway,76.49,100,150
75093,Death Star Final Dual,,,71.09,100,150
75093,Death Star Final Dual,,,56,100,150
75094,Imperial Shuttle Tydirium,,189.99,94.49,,
75094,Imperial Shuttle Tydirium,,,75,150,250
75094,Imperial Shuttle Tydirium,,,74.99,150,250
75095,TIE Fighter UCS,299.99,,189.99,,
75095,TIE Fighter UCS,300,,189.99,,
75096,Sith Infiltrator,299.99,,85.49,,
75096,Sith Infiltrator,,layaway,79,250,300
75096,Sith Infiltrator,,,35.39,,
75098,Assault on Hoth UCS,700,,232.5,,
75098,Assault on Hoth UCS,,,229.99,650,700
75098,Assault on Hoth UCS,,,224.99,650,700
75099,Rey's Speeder,39.99,,17.99,,
75099,Rey's Speeder,,,14,20,40
75099,Rey's Speeder,,,13,20,40
75099,Rey's Speeder,,,12.27,20,40
75099,Rey's Speeder,,,?,20,40
75100,First Order Snowspeeder,,,31,40,60
75100,First Order Snowspeeder  ,,,29.99,40,60
75101,First Order Special Forces TIE Fighter,,,50,80,120
75101,First Order Special Forces TIE Fighter,,,39.99,80,120
75101,First Order Special Forces TIE Fighter,,,55,80,120
75102,Poe's X-Wing Fighter,,129.99,79.99,,
75102,Poe's X-Wing Fighter,,,79.99,80,150
75102,Poe's X-Wing Fighter,,,74.39,80,150
75103,First Order Transport,199.99,,69,,
75103,First Order Transporter,,,70,150,300
75103,First Order Transporter,,,60.51,150,300
75103,First Order Transporter,,,56,150,300
75103,First Order Transporter,,,?,150,300
75103,First Order Transporter,,,?,150,300
75104,Kylo Ren's Command Shuttle,149.99,,84,,
75104,Kylo Ren's Command Shuttle,,89.99,85.89,,
75104,Kylo Ren's Command Shuttle,,,69,90,150
75105,Millennium Falcon,,,119,120,200
75105,Millennium Falcon,,,134.99,120,200
75105,Millennium Falcon,84,layaway,111,,
75105,Millennium Falcon,199.99,,129,,
75105,Millennium Falcon,,,99.99,120,200
75106,Imperial Assault Carrier,,layaway,85,360,400
75106,Imperial Assault Carrier,300,,79.99,,
75110,Luke Skywalker (Technic),,,?,,
75111,Darth Vader (Technic),64.99,,?,,
75111,Darth Vader (Technic),64.99,,?,,
75112,General Grevious (Technic),,layaway,?,,
75117,Kylo Ren (Technic),,layaway,?,30,50
75117,Kylo Ren (Technic),49.99,,?,,
75125,Resistance X-Wing Fighter Micro,19.99,,9,,
75125,Resistance X-Wing Fighter Micro,19.99,,8.99,,
75125,Resistance X-Wing Fighter Micro,19.99,,8.99,,
75125,Resistance X-Wing Fighter Micro,,17.99,8.99,,
75125,Resistance X-Wing Fighter Micro,,19.99,8.99,,
75125,Resistance X-Wing Fighter Micro,,19.99,8.99,,
75125,Resistance X-Wing Fighter Micro,,,8.99,15,20
75125,Resistance X-Wing Fighter Micro,,,8.88,15,20
75125,Resistance X-Wing Fighter Micro,,,9,15,20
75125,Resistance X-Wing Fighter Micro,,,9,15,20
75125,Resistance X-Wing Fighter Micro,,,9,15,20
75125,Resistance X-Wing Fighter Micro,,,8,15,20
75125,Resistance X-Wing Fighter Micro,,,8,15,20
75125,Resistance X-Wing Fighter Micro,,,8,15,20
75125,Resistance X-Wing Fighter Micro,,,7.56,15,20
75125,Resistance X-Wing Fighter Micro,,,8.99,15,20
75125,Resistance X-Wing Fighter Micro,,,8.99,,
75125,Resistance X-Wing Fighter Micro,,,8.84,15,20
75125,Resistance X-Wing Fighter Micro,,,8.84,15,20
75125,Resistance X-Wing Fighter Micro,,,6.12,15,20
75125,Resistance X-Wing Fighter Micro,,,5.12,15,20
75125,Resistance X-Wing Fighter Micro,,,5.12,15,20
75125,Resistance X-Wing Fighter Micro,,,5.12,15,20
75125,Resistance X-Wing Fighter Micro,,,5.12,15,20
75125,Resistance X-Wing Fighter Micro,,,5.12,,
75125,Resistance X-Wing Fighter Micro,,,5.12,15,20
75125,Resistance X-Wing Fighter Micro,,,5.12,15,20
75125,Resistance X-Wing Fighter Micro,,,5.12,15,20
75125,Resistance X-Wing Fighter Micro,,,6.12,15,20
75125,Resistance X-Wing Fighter Micro,,,4,15,20
75126,First Order Snowspeeder Micro,19.99,,9,,
75126,First Order Snowspeeder Micro,19.99,,9,,
75126,First Order Snowspeeder Micro,,19.99,8.99,,
75126,First Order Snowspeeder Micro,,19.99,8.99,,
75126,First Order Snowspeeder Micro,,19.99,8.99,,
75126,First Order Snowspeeder Micro,,,8.99,15,20
75126,First Order Snowspeeder Micro,,,8.1,15,20
75126,First Order Snowspeeder Micro,,,8.1,15,20
75126,First Order Snowspeeder Micro,,,8.1,15,20
75126,First Order Snowspeeder Micro,,,8.1,15,20
75126,First Order Snowspeeder Micro,,,8.1,15,20
75126,First Order Snowspeeder Micro,,,8,15,20
75126,First Order Snowspeeder Micro,,,7.56,15,20
75126,First Order Snowspeeder Micro,,,8.99,15,20
75126,First Order Snowspeeder Micro,,,4,15,20
75126,First Order Snowspeeder Micro,,,7.99,15,20
75126,First Order Snowspeeder Micro,,,7.99,15,20
75126,First Order Snowspeeder Micro,,,7.99,15,20
75126,First Order Snowspeeder Micro,,,7.99,15,20
75127,The Ghost Micro,49.99,,9,,
75127,The Ghost Micro,49.99,,9,,
75127,The Ghost Micro,49.99,,8.99,,
75127,The Ghost Micro,45.99,,8.99,,
75127,The Ghost Micro,49.99,,8.99,,
75127,The Ghost Micro,,30,8.99,,
75127,The Ghost Micro,,39.09,8.99,,
75127,The Ghost Micro,,49.99,8.1,,
75127,The Ghost Micro,,,8.1,30,50
75127,The Ghost Micro,,,8.1,30,50
75127,The Ghost Micro,,,7.56,30,50
75127,The Ghost Micro,,,7.56,30,50
75127,The Ghost Micro,,,7.99,30,50
75127,The Ghost Micro,,,7.99,30,50
75127,The Ghost Micro,,,7.99,30,50
75127,The Ghost Micro,,,6.12,30,50
75127,The Ghost Micro,,,5.12,30,50
75127,The Ghost Micro,,,5.12,30,50
75127,The Ghost Micro,,,5.12,30,50
75127,The Ghost Micro,,,5.12,30,50
75128, TIE Advanced Prototype Micro,19.99,,8.99,,
75128,TIE Advanced Prototype Micro,19.99,,8.99,,
75128,TIE Advanced Prototype Micro,24.99,,8.99,,
75128,TIE Advanced Prototype Micro,24.99,,8.99,,
75128,TIE Advanced Prototype Micro,19.99,,8.99,,
75128,TIE Advanced Prototype Micro,,19.99,8.99,,
75128,TIE Advanced Prototype Micro,,19.99,7.19,,
75128,TIE Advanced Prototype Micro,,24.99,7.19,,
75128,TIE Advanced Prototype Micro,,,7.19,15,25
75128,TIE Advanced Prototype Micro,,,7.19,15,25
75128,TIE Advanced Prototype Micro,,,7.56,15,25
75128,TIE Advanced Prototype Micro,,,7.56,15,25
75128,TIE Advanced Prototype Micro,,,7.56,15,25
75128,TIE Advanced Prototype Micro,,,8.69,,
75128,TIE Advanced Prototype Micro,,,8.69,,
75128,TIE Advanced Prototype Micro,,,7.99,15,25
75128,TIE Advanced Prototype Micro,,,7.99,15,25
75129,Wookie Gunship Micro,24.99,,9,,
75129,Wookie Gunship Micro,24.99,,9,,
75129,Wookie Gunship Micro,24.99,,8.99,,
75129,Wookie Gunship Micro,24.99,,8.99,,
75129,Wookie Gunship Micro,14.99,,9.89,,
75129,Wookie Gunship Micro,24.99,,7.19,,
75129,Wookie Gunship Micro,,24.99,7.19,,
75129,Wookie Gunship Micro,,24.99,7.19,,
75129,Wookie Gunship Micro,,,7,15,25
75129,Wookie Gunship Micro,,,7.56,15,25
75129,Wookie Gunship Micro,,,7.56,15,25
75129,Wookie Gunship Micro,,,7.56,15,25
75129,Wookie Gunship Micro,,,7.99,15,25
75129,Wookie Gunship Micro,,,7.99,15,25
75129,Wookie Gunship Micro,,,7.99,,
75129,Wookie Gunship Micro,,,7.99,15,25
75130,AT-DP Micro,24.99,,8.99,,
75130,AT-DP  Micro,,22.49,8.99,,
75130,AT-DP Micro,,,9,15,30
75130,AT-DP Micro,,,8.99,15,30
75130,AT-DP Micro,,,6.74,15,30
75130,AT-DP Micro,,,6.74,15,30
75130,AT-DP Micro,,,6.74,15,30
75130,AT-DP Micro,,,6.74,15,30
75130,AT-DP Micro,,,8.99,15,30
75130,AT-DP Micro,,,7.19,15,30
75130,AT-DP Micro,,,7.19,15,30
75130,AT-DP Micro,,,8,15,30
75130,AT-DP Micro,,,7.56,15,30
75130,AT-DP Micro,,,7.56,15,30
75130,AT-DP Micro,,,8.99,15,30
75130,AT-DP Micro,,,7.99,15,30
75131,Resistance Trooper Battle Pack,25.99,,11.7,,
75131,Resistance Trooper Battle Pack,29.99,,11.7,,
75131,Resistance Trooper Battle Pack,25.99,,11.69,,
75131,Resistance Trooper Battle Pack,,29.99,11.69,,
75131,Resistance Trooper Battle Pack,,29.99,8.99,,
75131,Resistance Trooper Battle Pack,,,11.69,15,30
75131,Resistance Trooper Battle Pack,,,10.25,15,30
75131,Resistance Trooper Battle Pack,,,10.25,15,30
75131,Resistance Trooper Battle Pack,,,10.39,15,30
75131,Resistance Trooper Battle Pack,,,10.39,,
75132,First Order Battle Pack,24.99,,11.7,,
75132,First Order Battle Pack,24.99,,11.7,,
75132,First Order Battle Pack,,,11.69,15,25
75132,First Order Battle Pack,,,9.89,15,25
75132,First Order Battle Pack,,,11.69,15,25
75132,First Order Battle Pack,,,10.35,15,25
75132,First Order Battle Pack,,,10.35,15,25
75132,First Order Battle Pack,,,10.39,15,25
75132,First Order Battle Pack,,,7.44,15,25
75133,Rebel Alliance Battle Pack,39.99,,11.69,,
75133,Rebel Alliance Battle Pack,39.99,,11.69,,
75133,Rebel Alliance Battle Pack,,layaway,11.69,20,40
75133,Rebel Alliance Battle Pack,,39.99,11.69,,
75133,Rebel Alliance Battle Pack,,39.99,11.69,,
75133,Rebel Alliance Battle Pack,,,10.12,20,40
75133,Rebel Alliance Battle Pack,,,10.12,20,40
75133,Rebel Alliance Battle Pack,,,10.12,20,40
75133,Rebel Alliance Battle Pack,,,10.39,20,40
75133,Rebel Alliance Battle Pack,,,5.18,20,40
75134,Galactic Empire Battle Pack,45.99,,11.7,,
75134,Galactic Empire Battle Pack,49.99,,11.7,,
75134,Galactic Empire Battle Pack,,layaway,11.69,30,50
75134,Galactic Empire Battle Pack,,40,11.69,,
75134,Galactic Empire Battle Pack,,,11.69,30,50
75134,Galactic Empire Battle Pack,,,11.69,30,50
75134,Galactic Empire Battle Pack,,,11.69,30,50
75134,Galactic Empire Battle Pack,,,11.69,30,50
75134,Galactic Empire Battle Pack,,,11.69,30,50
75134,Galactic Empire Battle Pack,,,8.77,30,50
75134,Galactic Empire Battle Pack,,,8.77,30,50
75134,Galactic Empire Battle Pack,,,8.77,30,50
75134,Galactic Empire Battle Pack,,,8.77,30,50
75134,Galactic Empire Battle Pack,,,8.77,30,50
75134,Galactic Empire Battle Pack,,,8.77,30,50
75134,Galactic Empire Battle Pack,,,9.89,30,50
75134,Galactic Empire Battle Pack,,,9.89,30,50
75134,Galactic Empire Battle Pack,,,9.89,30,50
75134,Galactic Empire Battle Pack,,,10.12,,
75134,Galactic Empire Battle Pack,,,5.18,30,50
75135,Obi Wan's Jedi Interceptor,139.99,,22.49,,
75135,Obi Wan's Jedi Interceptor,,layaway,22.49,80,150
75135,Obi Wan's Jedi Interceptor,,,24.49,80,150
75135,Obi Wan's Jedi Interceptor,,,15.99,80,150
75135,Obi Wan's Jedi Interceptor,,,16,80,150
75135,Obi Wan's Jedi Interceptor,,,16,80,150
75135,Obi Wan's Jedi Interceptor,,,?,,
75136,Droid Escape Pod,44.99,,19.99,,
75136,Droid Escape Pod,39.99,,22.49,,
75136,Droid Escape Pod,,,24.49,25,45
75136,Droid Escape Pod,,,13,25,45
75136,Droid Escape Pod,,,18.89,25,45
75136,Droid Escape Pod,,,18.89,,
75137,Carbon Freezing Chamber,59.99,,19.99,,
75137,Carbon Freezing Chamber,59.99,,22.49,,
75137,Carbon Freezing Chamber,,59.99,22.49,,
75137,Carbon Freezing Chamber,,,22.49,40,60
75137,Carbon Freezing Chamber,,,22.49,40,60
75137,Carbon Freezing Chamber,,,16,40,60
75137,Carbon Freezing Chamber,,,16,40,60
75138,Hoth Attack,95.99,,22.49,,
75138,Hoth Attack,,,24.29,50,90
75138,Hoth Attack,,,16,50,90
75138,Hoth Attack,,,15.99,50,90
75139,Battle on Takodana,55.99,,53.99,,
75139,Battle on Takodana,,,29.99,40,60
75139,Battle on Takodana,,,7.19,,
75140,Resistance Troop Transport,,,56.54,60,90
75141,Kanan's Speeder Bike,79.99,,21.6,,
75141,Kanan's Speeder Bike,79.99,,21.6,,
75141,Kanan's Speeder Bike,,,19.99,50,80
75142,Homing Spider Droid  ,,,26.99,70,150
75142,Homing Spider Droid  ,,,25.68,70,150
75144,Snowspeeder UCS,399.99,,99.99,,
75145,Eclipse Fighter,49.99,,26.99,,
75145,Eclipse Fighter,,,23,30,50
75145,Eclipse Fighter,,,20,30,50
75145,Eclipse Fighter,,,20,,
75145,Eclipse Fighter,,,18.99,30,50
75147,StarScavenger,79.99,,31.77,,
75147,StarScavenger,,layaway,36,50,80
75147,StarScavenger,,,37,50,80
75148,Encounter on Jakku,,layaway,53.99,40,60
75148,Encounter on Jakku,,,42.8,40,60
75149,Resistance X-Wing Fighter,,119.99,68.99,,
75149,Resistance X-Wing Fighter,,,49,80,120
75149,Resistance X-Wing Fighter  ,,,71.99,80,120
75150,Vader's TIE Advanced VS A-Wing Starfighter,144,,80.99,,
75150,Vader's TIE Advanced VS A-Wing Starfighter,199.99,,61,,
75151,Clone Turbo Tank,,layaway,98.99,350,400
75151,Clone Turbo Tank,,,85.63,350,400
75152,Imperial Assault Hovertank,,,26.99,75,120
75153,AT-ST Walker,,49.99,35.99,,
75153,AT-ST Walker,,,19.99,60,100
75154,TIE Striker,119.99,,62.99,,
75154,TIE Striker,,109.99,32.99,,
75154,TIE Striker   ,,149.99,34,,
75155,Rebel U-Wing Fighter,,layaway,71.99,,
75155,Rebel U-Wing Fighter,199.99,,56,,
75155,Rebel U-Wing Fighter,,,56,,
75156,Krennic's Imperial Shuttle,,188,80.99,,
75156,Krennic's Imperial Shuttle,,,30.39,200,290
75157,Captain Rex's AT-TE,,layaway,107.99,,
75157,Captain Rex's AT-TE,,layaway,107.99,350,400
75157,Captain Rex's AT-TE,400,,89,,
75158,Rebel Combat Frigate,,layaway,98.99,600,700
75160,U-Wing Microfighter,19.99,,6.63,,
75160,U-Wing Microfighter,,,6.63,15,20
75160,U-Wing Microfighter,,,8.99,15,20
75160,U-Wing Microfighter,,,1,15,20
75161,TIE Striker Microfighter,19.99,,6.63,,
75161,TIE Striker Microfighter,,,7.36,15,20
75161,TIE Striker Microfighter,,,1,15,20
75161,TIE Striker Microfighter,,,5,15,20
75162,Y-Wing Microfighter,,22.49,6.63,,
75162,Y-Wing Microfighter,,24.99,6.63,,
75162,Y-Wing Microfighter,,,6.63,15,25
75162,Y-Wing Microfighter,,,8.99,15,25
75162,Y-Wing Microfighter,,,6.7,15,25
75163,Krennic's Imperial Shuttle Microfighter,,layaway,6.63,15,20
75163,Krennic's Imperial Shuttle Microfighter,,19.99,7.36,,
75163,Krennic's Imperial Shuttle Microfighter,,,1,15,20
75164,Rebel Trooper Battle Pack,39.99,,9.95,20,45
75164,Rebel Trooper Battle Pack,,39.99,9.95,,
75164,Rebel Trooper Battle Pack,,,1.46,20,45
75165,Imperial Trooper Battle Pack,54.99,,9.95,,
75165,Imperial Trooper Battle Pack,,layaway,9.95,40,55
75165,Imperial Trooper Battle Pack,,54.99,12.49,,
75166,First Order Transport Speeder Battle Pack,29.99,,9,,
75166,Fisrt Order Transport Speeder Battle Pack,29.99,,9,,
75167,Bounty Hunter Speeder Bike Battle Pack,40,,9,,
75167,Bounty Hunter Speeder Bike Battle Pack,,49.99,9,,
75167,Bounty Hunter Speeder Bike Battle Pack,,,10.78,35,50
75168,Yoda's Jedi Starfighter,59.99,,16.57,,
75169,Duel on Naboo,,79.99,16.57,,
75169,Duel on Naboo,,,?,50,80
75170,The Phantom,,,19.89,250,350
75170,The Phantom,,,19.89,250,350
75170,The Phantom,,,22.08,250,350
75170,The Phantom,,,17.99,250,350
75170,The Phantom,,,17.22,250,350
75171,Battle on Scarif,139.99,,33.15,,
75171,Battle on Scarif,,,28.99,100,150
75172,Y-Wing Starfighter,149.99,,44.16,,
75172,Y-Wing Starfighter,,layaway,33.83,,
75172,Y-Wing Starfighter,,,38.99,120,160
75172,Y-Wing Starfighter,,,29.99,120,160
75173,Luke's Landspeeder,,39.99,14.79,,
75174,Desert Skiff Escape,,,21.49,65,95
75175,A-Wing Starfighter,,,28.51,100,120
75175,A-Wing Starfighter,,,24.25,100,120
75175,A-Wing Starfighter,,,25.99,100,120
75176,Resistance Transport Pod,,39.99,19.25,,
75177,First Order Heavy Scout Walker,,,51.15,40,60
75178,Jakku Quadjumper,,,24.99,65,80
75179,Kylo Ren's TIE Fighter,,,51.3,120,200
75180,Rathtar Escape,,,47.98,,
75182,Republic Fighter Tank,,99.99,18.24,,
75182,Republic Fighter Tank,,,17.49,80,130
75183,Darth Vadar Transformation,,,14.98,60,85
75183,Darth Vadar Transformation,,,7.49,60,85
75185,Tracker 1,,layaway,49.99,,
75186,The Arrowhead,,layaway,61,140,180
75187,BB-8,174.99,,64.1,,
75188-3,Resistance Bomber,,,70.5,160,200
75189,First Order Heavy Assault Walker,199.99,,96.15,,
75190,First Order Star Destroyer,,layaway,102.55,200,280
75191,Jedi Starfighter With Hyperdrive,450,,78,,
75192,Millennium Falcon UCS,,layaway,789.99,,
75206,Jedi and Clone Troopers Battle Pack,,,?,,
75218,X-Wing Starfighter,129.99,,32.5,,
75240,Major Vonreg's TIE Fighter,,,54.95,80,120
75249,Resistance Y-Wing Starfighter,,,47.36,50,90
75258,Anakin's Pod Racer,,59.99,24.99,,
75263,Resistance Y-Wing Microfighter,19.99,,4.99,,
75263,Resistance Y-Wing Microfighter,19.99,,4.99,,
75263,Resistance Y-Wing Microfighter,19.99,,6.29,,
75263,Resistance Y-Wing Microfighter,,,6.29,10,20
75263,Resistance Y-Wing Microfighter,,,7.49,10,20
75264,Kylo Ren's Shuttle Microfighter,,,6.99,20,35
75266,Sith Trooper Battle Pack,,,12.99,15,25
75266,Sith Trooper Battle Pack,,,12.99,15,25
75266,Sith Trooper Battle Pack,,,12.99,15,25
75267,Mandalorian Battle Pack,,,12.95,15,30
75267,Mandalorian Battle Pack,,,12.99,15,30
75267,Mandalorian Battle Pack,,,12.99,15,30
75267,Mandalorian Battle Pack,,,12.99,15,30
75273,Poe Dameron's X-Wing Fighter,,,72.99,80,100
75273,Poe Dameron's X-Wing Fighter,,,72.99,80,100
75532,Scout Trooper & Speeder Bike,89.99,,27.99,,
