Set Number,Set Name,Cost,Low Value,High Value,Notes,Sold,Location,Listing Price
4501,Mos Eisley Cantina Blue Box,104.99,250,400,,,Store,379.99
4501,Mos Eisley Cantina Trilogy Box,135.46,250,350,,,Store,349.99
6212,X-Wing Fighter,64,100,150,,,Store,139.99
6212,X-Wing Fighter,103.38,100,150,,,Store,149.99
6964,Bob Fett's Slave 1 (Micro),?,,,,,Store (Built),
7140,X-Wing Fighter,75,165,350,Only 4 for sale,,Store,344.99
7660,Naboo N-1 Starfighter w/ Vulture Droid,40,150,200,,,Store,199.99
7676,Republic Attack Gunship,,,,Commander Cody. Has 1 listed,,"in inventory, but not in",cost. $550-900
7914,Mandalorian Battle Pack,15.5,50,80,,,Store,79.99
7962,Anakin Skywalker and Sebulba's Podracers,87.99,175,300,Layaway,0,Store,249.99
7965,Millennium Falcon,249.99,200,300,Layaway,0,Store,249.99
7965,Millennium Falcon,229.99,200,300,,,Store,249.99
7965,Millennium Falcon,219.99,200,300,,,,
8092,Luke's Landspeeder,39.94,50,100,,,Store,69.99
8098,Clone Turbo Tank,80,300,500,,,Store,549.99
8098,Clone Turbo Tank,167.5,300,500,,,Store (Built w/o figs),
8098,Clone Turbo Tank,199,300,500,,,Store,
9488,Elite Clone Trooper & Commando Battle Pack,14.99,100,150,,,Crack,
9488,Elite Clone Trooper & Commando Battle Pack,14.99,,,Sold,139.99,Sold,
9488,Elite Clone Trooper & Commando Battle Pack,19.25,100,150,,,Store,
9488,Elite Clone Trooper & Commando Battle Pack,14.99,100,150,,,Storage,
9488,Elite Clone Trooper & Commando Battle Pack,13.5,100,150,,,Storage,
9488,Elite Clone Trooper & Commando Battle Pack,18,100,150,,,Storage,
9488,Elite Clone Trooper & Commando Battle Pack,13.5,100,150,,,Storage,
9488,Elite Clone Trooper & Commando Battle Pack,13.5,100,150,,,Storage,
9488,Elite Clone Trooper & Commando Battle Pack,15.5,100,150,,,Storage,
9488,Elite Clone Trooper & Commando Battle Pack,15.5,100,150,,,Storage,
9488,Elite Clone Trooper & Commando Battle Pack,14,100,150,,,Storage,
9488,Elite Clone Trooper & Commando Battle Pack,14,100,150,,,Storage,
9488,Elite Clone Trooper & Commando Battle Pack,12.99,100,150,,,Store,139.99
9488,Elite Clone Trooper & Commando Battle Pack,25,,5,,,Store (Built w/o figs),
9488,Elite Clone Trooper & Commando Battle Pack,15.99,100,150,,,Store (Built w/ figs),
9488,Elite Clone Trooper & Commando Battle Pack,15.99,,5,,,Store (Built w/o figs),
9488,Elite Clone Trooper & Commando Battle Pack,11.7,,5,,,Store (Built w/o figs),
9488,Elite Clone Trooper & Commando Battle Pack,11.7,100,150,,,Home,
9488,Elite Clone Trooper & Commando Battle Pack,11.7,100,150,,,Home,
9488,Elite Clone Trooper & Commando Battle Pack,11.7,100,150,,,Home,
9488,Elite Clone Trooper & Commando Battle Pack,11.7,100,150,,,Home,
9492,TIE Fighter,80,80,100,,,Store,99.99
9492,TIE Fighter,80,80,100,,,Store,99.99
9492,TIE Fighter,?,,,,,Store (Built w/o figs),
9493,X-Wing Starfighter,146.99,150,200,,,Store,199.99
9493,X-Wing Starfighter,86.45,150,200,,,Storage,
9493,X-Wing Starfighter,75,150,200,,,Store,199.99
9493,X-Wing Starfighter,85,150,200,,,Stolen,
9496,Desert Skiff,31.95,75,100,,,Store,
9496,Desert Skiff,36.7,,,Sold,99.99,Sold,
9496,Desert Skiff,31.95,75,100,,,Store,99.99
9499,Gungun Sub,50,200,500,,,Store,449.99
9516,Jabba's Palace,129,300,600,,,Store,
9525,Pre Vizsla's Mandalorian Fighter,36,200,400,,,Store,349.99
10123,Cloud City,1040,4000,10000,Four for sale. Possibly best for,,"one Sotno rEebay, the other",in store.
10123,Cloud City,968,4000,10000,,,Home,
10178,Motorized Walking AT-AT,?,,,,,Store (Built w/ figs),
10188,Death Star UCS,399.95,,,Sold,1000,Sold,
10188,Death Star UCS,399.99,800,1000,,,Store,
10188,Death Star UCS,439,800,1000,,,Store,999.99
10188,Death Star UCS,499,800,1000,,,Store,999.99
10188,Death Star UCS,450,800,1000,Layaway,,Store (Built w/ figs),550
10188,Death Star UCS,455,,,Sold,999.99,Sold,
10198,Tantive IV,230,350,450,,,Store,449.99
10198,Tantive IV,?,,,Sold (Built w/figs),140,Sold,
10215,Obi Wan's Jedi Starfighter UCS,120,300,500,,,Store,449.99
10215,Obi Wan's Jedi Starfighter UCS,120,300,500,,,Store,449.99
10236,Ewok Villiage UCS,224.99,,,Sold,750,Sold,
10236,Ewok Villiage UCS,239.01,680,750,,,Store,
10236,Ewok Villiage UCS,175.99,,,Sold,749.99,Sold,
10236,Ewok Villiage UCS,198,680,750,,,Storage,
10240,Red Five X-Wing Starfighter UCS,199.99,260,500,,,Store,449.99
10240,Red Five X-Wing Starfighter UCS,199.99,260,500,,,Store,449.99
10240,Red Five X-Wing Starfighter UCS,199.99,260,500,,,Store,
10240,Red Five X-Wing Starfighter UCS,199.99,260,500,,,Home,
20019,Slave 1 (BrickMaster),?,,,,,Store (Built),
30278,Poe's X-Wing Fighter Pack,7.19,5,10,,,Store,
30278,Poe's X-Wing Fighter Pack,7.19,40,10,,,Store,
75001,Republic Troopers VS Sith Troopers,11.99,40,60,,,Crack,
75001,Republic Troopers VS Sith Troopers,11.99,40,60,,,Store,
75001,Republic Troopers VS Sith Troopers,11.99,40,60,,,Store,59.99
75001,Republic Troopers VS Sith Troopers,6.99,40,60,,,,
75004,Z-95 Headhunter,48.79,175,250,,,Store,249.99
75005,Rancor Pit,42.99,300,350,,,Store,349.99
75012,BARC Speeder with Sidecar,27.99,,450,,,Store,
75012,BARC Speeder with Sidecar,27.99,400,450,,,Store,449.99
75013,Umbaran Mobile Heavy Cannon,60,,,Sold,199.99,Sold,
75016,Homing Spider Droid,18,,,,,Store (Built with,"minifigs, missing 1 super battle droid)"
75018,Jek-14's Stealth Starfighter,72.5,200,250,,,Store,
75018,Jek-14's Stealth Starfighter,60,200,250,,,Store,249.99
75018,Jek-14's Stealth Starfighter,60,200,250,,,Store,249.99
75019,AT-TE,140.95,350,400,,,Store,
75019,AT-TE,125,360,400,,,Store,399.99
75020,Jabba's Sail Barge,99.98,500,600,Layaway,0,Store,599.99
75021,Republic Gunship,114.95,800,900,,,Store,849.99
75021,Republic Gunship,?,,,,,Store (built w/o figs),
75022,Mandalorian Speeder,38,160,180,,,Store,174.99
75022,Mandalorian Speeder,42.48,160,180,,,Store,174.99
75022,Mandalorian Speeder,29,160,180,,,,
75024,HH-87 Starhopper,35,100,200,,,Store,199.99
75025,Jedi Defender Class Cruiser,52.98,300,500,,,Store,449.99
75028,Clone Turbo Tank Micro,7.47,20,100,Figure alone is valued at $40,,Store,
75028,Clone Turbo Tank Micro,7.47,20,100,,,Storage,
75028,Clone Turbo Tank Micro,9.99,20,100,,,Storage,
75028,Clone Turbo Tank Micro,8,20,100,,,Store,74.99
75028,Clone Turbo Tank Micro,10.99,,,Sold,53.99,Sold,
75028,Clone Turbo Tank Micro,7.99,20,100,,,Store,
75028,Clone Turbo Tank Micro,3.5,20,100,,,Store,
75029,AAT Micro,9.99,15,40,,,Store,
75029,AAT Micro,8,15,40,,,Store,
75029,AAT Micro,8,15,40,,,Storage,
75029,AAT Micro,10.99,15,40,,,Store,
75029,AAT Micro,?,15,40,,,Store,34.99
75030,Millennium Falcon Micro,9.89,15,30,,,Store,
75030,Millennium Falcon Micro,9.99,15,30,,,Store,
75030,Millennium Falcon Micro,9.99,15,30,,,Store,
75030,Millennium Falcon Micro,9.99,15,30,,,Storage,
75030,Millennium Falcon Micro,8,15,30,,,Store,24.99
75030,Millennium Falcon Micro,10.99,15,30,,,Store,
75031,TIE Interceptor Micro,9.97,15,30,,,Store,
75031,TIE Interceptor Micro,9.97,15,30,,,Storage,
75031,TIE Interceptor Micro,8,15,30,,,Store,
75031,TIE Interceptor Micro,10.99,15,30,,,Store,24.99
75032,X-Wing Fighter & Pilot Micro,9.99,15,40,,,Storage,
75032,X-Wing Fighter Micro,12.99,15,40,,,Storage,
75032,X-Wing Fighter Micro,12.99,15,40,,,Storage,
75032,X-Wing Fighter Micro,9.97,15,40,,,Home,
75032,X-Wing Fighter Micro,8,15,40,,,Store,34.99
75032,X-Wing Fighter Micro,7,15,40,,,Store,
75032,X-Wing Fighter Micro,10.99,15,40,,,,
75032,X-Wing Fighter Micro,2.98,15,40,,,,
75033,Star Destroyer Micro,7.99,15,40,,,Store,
75033,Star Destroyer Micro,7.99,15,40,,,Storage,
75033,Star Destroyer Micro,7.99,15,40,,,Storage,
75033,Star Destroyer Micro,8,15,40,,,Storage,
75033,Star Destroyer Micro,10.99,15,40,,,Store,34.99
75034,Death Star Troopers,12.97,20,40,,,Store,
75034,Death Star Troopers,12.97,20,40,,,Store,
75034,Death Star Troopers,12.59,20,40,,,Store,39.99
75034,Death Star Troopers,12.34,20,40,,,Store,39.99
75034,Death Star troopers,0,20,40,,,Store,39.99
75034,Death Star Troopers,14.98,20,40,,,Store,39.99
75034,Death Star Troopers,14.98,,5,,,Store (built w/o figs),
75034,Death Star Troopers,14.98,,,Sold,30.99,Sold,
75035,Kashyyyk Troopers,12.97,60,100,Combined value of individual,,figureCs risa cakbout $80-100,
75035,Kashyyyk Troopers,12.97,60,100,,,Crack,
75035,Kashyyyk Troopers,12.97,60,100,,,Crack,
75035,Kashyyyk Troopers,12.99,60,100,,,Store,
75035,Kashyyyk Troopers,12.99,60,100,,,Store,89.99
75035,Kashyyyk Troopers,12.97,60,100,,,Store,89.99
75035,Kashyyyk Troopers,12.97,60,100,,,Store,89.99
75035,Kashyyyk Troopers,11.19,60,100,,,Store,89.99
75035,Kashyyyk Troopers,11.19,,,Sold,80,Sold,
75035,Kashyyyk Troopers,11.19,60,100,,,,
75036,Utapua Troopers,12.97,80,150,Combined value of figs is about,,$90Crack,
75036,Utapua Troopers,12.97,80,150,,,Crack,
75036,Utapua Troopers,9.51,80,150,,,Crack,
75036,Utapua Troopers,9.51,80,150,,,Store,
75036,Utapua Troopers,12.97,80,150,,,Store,139.99
75036,Utapua Troopers,11.19,80,150,,,Store,139.99
75036,Utapua Troopers,11.19,,5,,,Store (Built w/o figs),
75036,Utapua Troopers,11.19,,,Sold,100,Sold,
75037,Battle of Saleucami,14.24,50,100,,,Store,99.99
75037,Battle of Saleucami,6.99,50,100,,,Store,
75037,Battle of Saleucami,14.24,50,100,,,Storage,
75037,Battle on Saleucami,14.99,50,100,,,Storage,
75038,Jedi Intercepter,24.97,50,100,,,Store,99.99
75038,Jedi Intercepter,23.39,50,100,,,Storage,
75038,Jedi Intercepter,24.97,50,100,,,Store,99.99
75038,Jedi Intercepter,0,,,Sold,91.99,Sold,
75039,V-Wing Starfighter,22,80,150,,,Storage,149.99
75039,V-Wing Starfighter,20,,,,,Store (Built w/o figs),
75040,General Grevious Wheel Bike,24.97,,,Sold,150,Sold,
75040,General Grevious Wheel Bike,23.74,130,150,,,Store,
75040,General Grevious Wheel Bike,23.74,130,150,,,Store,149.99
75041,Vulture Droid,19.99,100,200,,,Store,
75041,Vulture Droid,19.99,100,200,,,Store,199.99
75042,Droid Gunship,46.79,100,150,,,Store,
75042,Droid Gunship,38,100,150,,,Store,149.99
75043,AT-AP,49.99,180,200,,,Store,
75043,AT-AP,55.79,180,200,,,Store,199.99
75044,Droid Tri-Fighter,28.49,120,150,Sold,149.99,Sold,149.99
75045,Republic AV-7 Anti-Vehicle Cannon,39.99,200,400,,,Store,349.99
75045,Republic AV-7 Anti-Vehicle Cannon,39.99,200,400,,,Store,349.99
75045,Republic AV-7 Anti-Vehicle Cannon,39,200,400,,,Storage,
75045,Republic AV-7 Anti-Vehicle Cannon,?,200,400,,,Store,
75046,Coruscant Police Gunship,37.39,400,500,,,Store,
75046,Coruscant Police Gunship,71,400,500,,,Store,449.99
75048,The Phantom,24.99,200,250,,,Store,249.99
75049,Snowspeeder,29.97,,,Sold,121.99,Store,149.99
75049,Snowspeeder,29.99,100,150,,,,
75050,B-Wing,49.49,,,Sold,159.99,Sold,
75050,B-Wing,39.99,100,200,,,Storage,199.99
75051,Jedi Scout Fighter,47.99,100,200,,,Store,199.99
75051,Jedi Scout Fighter,58.49,100,200,,,Store,199.99
75052,Mos Eisley Cantina,75,,,Sold,199.99,Sold,199.99
75052,Mos Eisley Cantina,50.99,,,,,Stolen,199.99
75053,The Ghost,67.99,800,900,,,Store,
75053,The Ghost,85.49,800,900,,,Store,849.99
75053,The Ghost,69.99,800,900,,,Store,849.99
75054,AT-AT,109.97,100,250,,,Store,
75054,AT-AT,81.59,100,250,,,Store,
75054,AT-AT,80.44,100,250,,,Store,229.99
75054,AT-AT,81.59,100,250,,,Store,229.99
75055,Imperial Star Destroyer,95.19,350,380,,,Store,
75055,Imperial Star Destroyer,95.19,350,380,,,Store,379.99
75055,Imperial Star Destroyer,95.19,350,380,,,Store,379.99
75058,MTT,89.99,,,Sold,400,Sold,
75058,MTT,89.99,400,450,,,Store,449.99
75059,Sandcrawler UCS,299.99,,,Sold,600,Sold,
75059,Sandcrawler UCS,269.99,,,Layaway,0,Store,599.99
75059,Sandcrawler UCS,239.99,,,Sold,599.99,Sold,599.99
75060,Slave 1 UCS,199,,,On layaway,0,"Store, on layaway",620
75060,Slave 1 UCS,199,,,Sold,635,Sold,
75060,Slave 1 UCS,188,600,700,,,Store,699.99
75072,ARC-170 Starfighter Micro,9.97,20,40,,,Store,
75072,ARC-170 Starfighter Micro,9.97,20,40,,,Store,
75072,ARC-170 Starfighter Micro,9.99,20,40,,,Storage,
75072,ARC-170 Starfighter Micro,9.99,20,40,,,Storage,
75072,ARC-170 Starfighter Micro,9.97,20,40,,,Storage,
75072,ARC-170 Starfighter Micro,9.49,20,40,,,Storage,
75072,ARC-170 Starfighter Micro,0,20,40,,,Storage,
75072,ARC-170 Starfighter Micro,8,20,40,,,Storage,
75072,ARC-170 Starfighter Micro,8.99,20,40,,,Storage,
75072,ARC-170 Starfighter Micro,10.99,20,40,,,Store,34.99
75072,ARC-170 Starfighter Micro,9,20,40,,,Store,
75072,ARC-170 Starfighter Micro,9,20,40,,,Store,
75072,ARC-170 Starfighter Micro,9,20,40,,,Store,
75072,ARC-170 Starfighter Micro,9,20,40,,,Store,
75072,ARC-170 Starfighter Micro,8.99,,,Sold,39.99,Sold,
75073,Vulture Droid Micro,9.49,20,40,,,Store,
75073,Vulture Droid Micro,9.49,20,40,,,Store,
75073,Vulture Droid Micro,9.99,20,40,,,Store,
75073,Vulture Droid Micro,9.99,20,40,,,Storage,
75073,Vulture Droid Micro,8,20,40,,,Store,
75073,Vulture Droid Micro,8,20,40,,,Store,
75073,Vulture Droid Micro,10.99,20,40,,,Store,34.99
75074,Snowspeeder Micro,7.47,15,30,,,Store,24.99
75074,Snowspeeder Micro,9.99,15,30,,,Store,
75074,Snowspeeder Micro,9.99,15,30,,,Store,
75074,Snowspeeder Micro,9.97,15,30,,,Storage,
75074,Snowspeeder Micro,8.99,15,30,,,Storage,
75074,Snowspeeder Micro,8.09,15,30,,,Storage,
75074,Snowspeeder Micro,8.09,15,30,,,Storage,
75074,Snowspeeder Micro,8.09,15,30,,,Storage,
75074,Snowspeeder Micro,8,15,30,,,Storage,
75074,Snowspeeder Micro,8,15,30,,,Storage,
75074,Snowspeeder Micro,7.6,15,30,,,Store,
75074,Snowspeeder Micro,7.6,15,30,,,Store,
75074,Snowspeeder Micro,7.56,15,30,,,Store,
75074,Snowspeeder Micro,7.56,15,30,,,Store,
75074,Snowspeeder Micro,7.56,15,30,,,Store,
75074,Snowspeeder Micro,10.99,15,30,,,Store,
75074,Snowspeeder Micro,8.99,15,30,,,Store,
75074,Snowspeeder Micro,?,,,Sold,29.99,Sold,
75075,AT-AT Micro,9.97,,,Sold,24.99,Store,
75075,AT-AT Micro,9.99,15,30,,,Store,
75075,AT-AT Micro,9.99,15,30,,,Store,
75075,AT-AT Micro,9.99,15,30,,,Store,
75075,AT-AT Micro,9.97,15,30,,,Store,
75075,AT-AT Micro,9.97,15,30,,,Storage,
75075,AT-AT Micro,9.97,15,30,,,Storage,
75075,AT-AT Micro,9,15,30,,,Storage,
75075,AT-AT Micro,9,15,30,,,Storage,
75075,AT-AT Micro,8.99,15,30,,,Storage,
75075,AT-AT Micro,8.89,15,30,,,Store,24.99
75075,AT-AT Micro,8.77,15,30,,,Store,24.99
75075,AT-AT Micro,8,15,30,,,Store,24.99
75075,AT-AT Micro,8,15,30,,,Store,24.99
75075,AT-AT Micro,8,15,30,,,Store,24.99
75075,AT-AT Micro,7.56,15,30,,,Store,24.99
75075,At-AT Micro,7.56,15,30,,,Store,24.99
75075,AT-AT Micro,10.99,15,30,,,Store,24.99
75075,AT-AT Micro,8.99,15,30,,,,
75076,Republic Gunship Micro,9.97,20,50,,,Store,
75076,Republic Gunship Micro,7.47,20,50,,,Store,
75076,Republic Gunship Micro,7.47,20,50,,,Store,
75076,Republic Gunship Micro,9.99,20,50,,,Storage,
75076,Republic Gunship Micro,9.99,20,50,,,Storage,
75076,Republic Gunship Micro,9.99,20,50,,,Storage,
75076,Republic Gunship Micro,9.97,20,50,,,Store,
75076,Republic Gunship Micro,9.97,20,50,,,Home,44.99
75076,Republic Gunship Micro,5.99,20,50,,,Home,44.99
75076,Republic Gunship Micro,8,20,50,,,Home,44.99
75076,Republic Gunship Micro,10.99,20,50,,,Home,44.99
75077,Homing Spider Droid Micro,9.99,15,30,,,Home,44.99
75077,Homing Spider Droid Micro,9.49,,,Sold,24.99,Sold,
75077,Homing Spider Droid Micro,9.49,15,30,,,Store,
75077,Homing Spider Droid Micro,9.49,15,30,,,Storage,
75077,Homing Spider Droid Micro,8,15,30,,,Store,24.99
75077,Homing Spider Droid Micro,10.99,15,30,,,Store,24.99
75078,Imperial Troop Transport,7.99,20,40,Combine figures worth $40,,Store,39.99
75078,Imperial Troop Transport,12.97,20,40,,,Store,39.99
75078,Imperial Troop Transport,12.97,20,40,,,Store,39.99
75078,Imperial Troop Transport,12.34,20,40,,,Store,39.99
75078,Imperial Troop Transport,12.34,20,40,,,Store,39.99
75078,Imperial Troop Transport,12.34,20,40,,,Store,39.99
75078,Imperial Troop Transport,12.34,20,40,,,Home,
75078,Imperial Troop Transport,11.19,20,40,,,Home,
75078,Imperial Troop Transport,11.19,20,40,,,Home,
75078,Imperial Troop Transport,12.99,,5,,,Store (Built w/o figs),
75078,Imperial Troop Transport,12.99,,,Sold,35.99,Sold,
75078,Imperial Troop Transport,12.99,,,Sold,39.99,Sold,
75078,Imperial Troop Transport,12.99,,,Sold,39.99,Sold,
75078,Imperial Troop Transport,12.99,,,Sold,39.99,Sold,
75078,Imperial Troop Transport,7.99,,,Sold,39.99,Sold,
75079,Shadow Troopers,10.39,30,50,,,Crack,
75079,Shadow Troopers,12.97,30,50,,,Crack,
75079,Shadow Troopers,9.51,30,50,,,Crack,
75079,Shadow Troopers,12.97,30,50,,,Store,
75079,Shadow Troopers,12.97,30,50,,,Store,
75079,Shadow Troopers,12.97,30,50,,,Store,
75079,Shadow Troopers,11.19,30,50,,,Storage,
75079,Shadow Troopers,12.99,30,50,,,Storage,
75079,Shadow Troopers,12.99,30,50,,,Store,49.99
75079,Shadow Troopers,12.99,30,50,,,Store,49.99
75079,Shadow Troopers,12.99,30,50,,,Store,49.99
75079,Shadow Troopers,12.99,30,50,,,Store,49.99
75079,Shadow Troopers,9.99,30,50,,,Store,49.99
75079,Shadow Troopers,9.89,30,50,,,Store,49.99
75079,Shadow Troopers,9.89,,5,,,Store (Built w/o figs),
75079,Shadow Troopers,10.49,30,50,,,,
75080,AAT,24.29,,,Sold,89.99,Store,89.99
75080,AAT,23.74,45,100,,,Store,89.99
75080,AAT,22.99,,,Sold,89.99,Sold,
75081,T-16 Skyhopper,24.97,40,60,,,Store,59.99
75081,T-16 Skyhopper,23.74,40,60,,,Store,
75082,TIE Advanced Prototype,39.97,150,250,,,Store,
75082,TIE Advanced Prototype,39.97,150,250,,,Store,
75082,TIE Advanced Prototype,39.97,150,250,,,Store,229.99
75082,TIE Advanced Prototype,39.97,150,250,,,Store,229.99
75082,TIE Advanced Prototype,0,150,250,,,Storage,
75083,AT-DP,49.97,150,200,,,Store,
75083,AT-DP,37.39,150,200,,,Storage,199.99
75083,AT-DP,49.99,150,200,,,Storage,
75084,Wookie Gunship,50.99,,,Sold,150,Sold,
75084,Wookie Gunship,69.99,160,200,,,Store,199.99
75085,Hailfire Droid,19.99,70,150,,,Store,
75085,Hailfire Droid,18.99,70,150,,,Storage,
75085,Hailfire Droid,19.99,70,150,,,Storage,
75085,Hailfire Droid,18.99,70,150,,,Store,139.99
75085,Hailfire Droid,18,70,150,,,Store,139.99
75086,Battle Droid Troop Carrier,29.23,,,Sold,159.99,Store,199.99
75086,Battle Droid Troop Carrier,38.69,100,200,,,Store,149.99
75086,Battle Droid Troop Carrier,38.69,,,Sold,159.99,Sold,
75087,Anakin's Custom Jedi Starfighter,29.23,200,300,,,Store,
75087,Anakin's Custom Jedi Starfighter,39.97,200,300,,,Store,
75087,Anakin's Custom Jedi Starfighter,39.97,200,300,,,Storage,
75088,Senate Command Troopers,10.39,40,60,Figures combined value $60,,Crack,
75088,Senate Command Troopers,12.97,40,60,,,Crack,
75088,Senate Command Troopers,12.97,40,60,,,Store,
75088,Senate Command Troopers,12.99,40,60,,,Storage,
75088,Senate Command Troopers,12.99,40,60,,,Storage,
75088,Senate Command Troopers,12.99,40,60,,,Store,59.99
75088,Senate Command Troopers,12.99,40,60,,,Store,59.99
75088,Senate Command Troopers,12.99,40,60,,,Store,59.99
75088,Senate Command Troopers,7.99,,5,,,Store (built w/o figs),
75088,Senate Command Troopers,9.19,,,Sold,54.99,Sold,
75089,Genosis Troopers,7.99,50,75,,,Crack,
75089,Geonosis Troopers,9.51,50,75,Figure combined value $80,,Crack,
75089,Geonosis Troopers,12.97,50,75,,,Crack,
75089,Geonosis Troopers,12.97,50,75,,,Crack,
75089,Geonosis Troopers,12.59,50,75,,,Store,
75089,Geonosis Troopers,12.97,50,75,,,Store,
75089,Geonosis Troopers,11.19,50,75,,,Store,
75089,Geonosis Troopers,11.19,50,75,,,Storage,
75089,Geonosis Troopers,11.19,,5,,,Store (Built w/o figs),
75089,Geonosis Troopers,12.99,50,75,,,Store,69.99
75089,Geonosis Troopers,12.99,50,75,,,Store,69.99
75089,Geonosis Troopers,12.99,50,75,,,Store,69
75089,Geonosis Troopers,12.99,50,75,,,Store,69.99
75089,Geonosis Troopers,12.99,50,75,,,Store,69.99
75089,Geonosis Troopers,9.89,50,75,,,Store,69.99
75089,Geonosis Troopers,10.39,50,75,,,Store,69.99
75090,Ezra's Speeder Bike,19.97,90,120,,,Store,
75090,Ezra's Speeder Bike,19.97,90,120,"Box opened, will certify",,Store,
75090,Ezra's Speeder Bike,19.99,,,Sold,100,Sold,
75090,Ezra's Speeder Bike,19.97,90,120,,,Store,119.99
75091,Flash Speeder,29.24,40,60,,,Store,59.99
75092,Naboo Starfighter,49.99,150,250,,,Store,
75092,Naboo Starfighter,39.99,150,250,,,Store,229.99
75093,Death Star Final Dual,76.49,100,150,,,Store,149.99
75093,Death Star Final Dual,71.09,100,150,,,Store,149.99
75093,Death Star Final Dual,56,100,150,,,Storage,
75094,Imperial Shuttle Tydirium,94.49,150,250,,,Store,
75094,Imperial Shuttle Tydirium,75,150,250,,,Store,229.99
75094,Imperial Shuttle Tydirium,74.99,150,250,,,Storage,
75095,TIE Fighter UCS,189.99,,,Sold,299.99,Sold,239.99
75095,TIE Fighter UCS,189.99,,,Sold,300,Sold,339.99
75096,Sith Infiltrator,85.49,,,Sold,299.99,Sold,299.99
75096,Sith Infiltrator,79,250,300,,,Store,299.99
75096,Sith Infiltrator,35.39,,,,299.99,Sold,
75098,Assault on Hoth UCS,232.5,,,Sold,700,Sold,
75098,Assault on Hoth UCS,229.99,650,700,,,Store,
75098,Assault on Hoth UCS,224.99,650,700,,,Storage,
75099,Rey's Speeder,17.99,20,40,,,Store,
75099,Rey's Speeder,14,20,40,,,Storage,
75099,Rey's Speeder,13,20,40,,,Storage,
75099,Rey's Speeder,12.27,20,40,,,Storage,
75099,Rey's Speeder,?,20,40,,,Home,
75100,First Order Snowspeeder,31,40,60,,,Store,
75100,First Order Snowspeeder,29.99,40,60,,,Storage,
75101,First Order Special Forces TIE Fighter,50,80,120,,,Store,
75101,First Order Special Forces TIE Fighter,39.99,80,120,,,Store,119.99
75101,First Order Special Forces TIE Fighter,55,80,120,,,Storage,
75102,Poe's X-Wing Fighter,79.99,80,150,,,Store,129.99
75102,Poe's X-Wing Fighter,79.99,80,150,,,Store,129.99
75102,Poe's X-Wing Fighter,74.39,80,150,,,,
75103,First Order Transport,69,150,300,,,Store,
75103,First Order Transporter,70,150,300,,,Store,
75103,First Order Transporter,60.51,150,300,,,Storage,
75103,First Order Transporter,56,150,300,,,Store,299.99
75103,First Order Transporter,?,150,300,,,Store,299.99
75103,First Order Transporter,?,150,300,,,Home,
75104,Kylo Ren's Command Shuttle,84,90,150,,,Store,149.99
75104,Kylo Ren's Command Shuttle,85.89,90,150,,,Store,149.99
75104,Kylo Ren's Command Shuttle,69,90,150,,,Storage,
75105,Millennium Falcon,119,120,200,,,Storage,
75105,Millennium Falcon,134.99,120,200,,,Storage,
75105,Millennium Falcon,111,,,Layaway,0,Store,199.99
75105,Millennium Falcon,129,,,Sold (Built w/figs),64,Sold,
75105,Millennium Falcon,99.99,120,200,,,,
75106,Imperial Assault Carrier,85,360,400,,,Store,399.99
75106,Imperial Assault Carrier,79.99,360,400,,,Store,
75110,Luke Skywalker (Technic),?,,,,,Store (Built),
75111,Darth Vader (Technic),?,,,Sold,64.99,Sold,64.99
75111,Darth Vader (Technic),?,50,70,,,Store,64.99
75112,General Grevious (Technic),?,,,,,Home,
75117,Kylo Ren (Technic),?,30,50,,,Store,49.99
75117,Kylo Ren (Technic),?,30,50,,,Store,49.99
75125,Resistance X-Wing Fighter Micro,9,15,20,,,Store,
75125,Resistance X-Wing Fighter Micro,8.99,15,20,,,Store,
75125,Resistance X-Wing Fighter Micro,8.99,15,20,,,Store,
75125,Resistance X-Wing Fighter Micro,8.99,15,20,,,Storage,
75125,Resistance X-Wing Fighter Micro,8.99,15,20,,,Storage,
75125,Resistance X-Wing Fighter Micro,8.99,15,20,,,Storage,
75125,Resistance X-Wing Fighter Micro,8.99,15,20,,,Storage,
75125,Resistance X-Wing Fighter Micro,8.88,15,20,,,Storage,
75125,Resistance X-Wing Fighter Micro,9,15,20,,,Storage,
75125,Resistance X-Wing Fighter Micro,9,15,20,,,Storage,
75125,Resistance X-Wing Fighter Micro,9,15,20,,,Storage,
75125,Resistance X-Wing Fighter Micro,8,15,20,,,Storage,
75125,Resistance X-Wing Fighter Micro,8,15,20,,,Storage,
75125,Resistance X-Wing Fighter Micro,8,15,20,,,Storage,
75125,Resistance X-Wing Fighter Micro,7.56,15,20,,,Storage,
75125,Resistance X-Wing Fighter Micro,8.99,15,20,,,Storage,
75125,Resistance X-Wing Fighter Micro,8.99,,,Sold,19.99,Store,19.99
75125,Resistance X-Wing Fighter Micro,8.84,15,20,,,Store,19.99
75125,Resistance X-Wing Fighter Micro,8.84,15,20,,,Store,19.99
75125,Resistance X-Wing Fighter Micro,6.12,15,20,,,Store,19.99
75125,Resistance X-Wing Fighter Micro,5.12,15,20,,,Store,19.99
75125,Resistance X-Wing Fighter Micro,5.12,15,20,,,Store,19.99
75125,Resistance X-Wing Fighter Micro,5.12,15,20,,,Store,19.99
75125,Resistance X-Wing Fighter Micro,5.12,15,20,,,Store,19.99
75125,Resistance X-Wing Fighter Micro,5.12,,,Sold,19.99,Sold,
75125,Resistance X-Wing Fighter Micro,5.12,15,20,,,Store,19.99
75125,Resistance X-Wing Fighter Micro,5.12,15,20,,,Home,
75125,Resistance X-Wing Fighter Micro,5.12,15,20,,,Home,
75125,Resistance X-Wing Fighter Micro,6.12,15,20,,,,
75125,Resistance X-Wing Fighter Micro,4,15,20,,,,
75126,First Order Snowspeeder Micro,9,15,20,,,Store,
75126,First Order Snowspeeder Micro,9,15,20,,,Store,
75126,First Order Snowspeeder Micro,8.99,15,20,,,Store,
75126,First Order Snowspeeder Micro,8.99,15,20,,,Store,
75126,First Order Snowspeeder Micro,8.99,15,20,,,Storage,
75126,First Order Snowspeeder Micro,8.99,15,20,,,Storage,
75126,First Order Snowspeeder Micro,8.1,15,20,,,Storage,
75126,First Order Snowspeeder Micro,8.1,15,20,,,Storage,
75126,First Order Snowspeeder Micro,8.1,15,20,,,Storage,
75126,First Order Snowspeeder Micro,8.1,15,20,,,Storage,
75126,First Order Snowspeeder Micro,8.1,15,20,,,Storage,
75126,First Order Snowspeeder Micro,8,15,20,,,Storage,
75126,First Order Snowspeeder Micro,7.56,15,20,,,Storage,
75126,First Order Snowspeeder Micro,8.99,15,20,,,Store,19.99
75126,First Order Snowspeeder Micro,4,15,20,,,Store,19.99
75126,First Order Snowspeeder Micro,7.99,15,20,,,Store,19.99
75126,First Order Snowspeeder Micro,7.99,15,20,,,Store,19.99
75126,First Order Snowspeeder Micro,7.99,15,20,,,Store,19.99
75126,First Order Snowspeeder Micro,7.99,15,20,,,Store,19.99
75127,The Ghost Micro,9,30,50,,,Store,
75127,The Ghost Micro,9,30,50,,,Store,
75127,The Ghost Micro,8.99,30,50,,,Store,
75127,The Ghost Micro,8.99,30,50,,,Store,
75127,The Ghost Micro,8.99,30,50,,,Storage,
75127,The Ghost Micro,8.99,30,50,,,Storage,
75127,The Ghost Micro,8.99,30,50,,,Storage,
75127,The Ghost Micro,8.1,30,50,,,Storage,
75127,The Ghost Micro,8.1,30,50,,,Storage,
75127,The Ghost Micro,8.1,30,50,,,Storage,
75127,The Ghost Micro,7.56,30,50,,,Storage,
75127,The Ghost Micro,7.56,30,50,,,Storage,
75127,The Ghost Micro,7.99,30,50,,,Storage,
75127,The Ghost Micro,7.99,30,50,,,Storage,
75127,The Ghost Micro,7.99,30,50,,,Store,49.99
75127,The Ghost Micro,6.12,30,50,,,Store,49.99
75127,The Ghost Micro,5.12,30,50,,,Store,49.99
75127,The Ghost Micro,5.12,30,50,,,Store,49.99
75127,The Ghost Micro,5.12,30,50,,,Store,49.99
75127,The Ghost Micro,5.12,30,50,,,Home,
75128,TIE Advanced Prototype Micro,8.99,15,25,,,Store,
75128,TIE Advanced Prototype Micro,8.99,15,25,,,Store,
75128,TIE Advanced Prototype Micro,8.99,15,25,,,Store,
75128,TIE Advanced Prototype Micro,8.99,15,25,,,Store,
75128,TIE Advanced Prototype Micro,8.99,15,25,,,Storage,
75128,TIE Advanced Prototype Micro,8.99,15,25,,,Storage,
75128,TIE Advanced Prototype Micro,7.19,15,25,,,Storage,
75128,TIE Advanced Prototype Micro,7.19,15,25,,,Storage,
75128,TIE Advanced Prototype Micro,7.19,15,25,,,Storage,
75128,TIE Advanced Prototype Micro,7.19,15,25,,,Storage,
75128,TIE Advanced Prototype Micro,7.56,15,25,,,Store,24.99
75128,TIE Advanced Prototype Micro,7.56,15,25,,,Store,24.99
75128,TIE Advanced Prototype Micro,7.56,15,25,,,Store,24.99
75128,TIE Advanced Prototype Micro,8.69,,,Sold,19.99,Sold,
75128,TIE Advanced Prototype Micro,8.69,,,Sold,19.99,Sold,
75128,TIE Advanced Prototype Micro,7.99,15,25,,,,
75128,TIE Advanced Prototype Micro,7.99,15,25,,,,
75129,Wookie Gunship Micro,9,15,25,,,Store,
75129,Wookie Gunship Micro,9,15,25,,,Storage,
75129,Wookie Gunship Micro,8.99,15,25,,,Storage,
75129,Wookie Gunship Micro,8.99,15,25,,,Storage,
75129,Wookie Gunship Micro,9.89,15,25,,,Storage,
75129,Wookie Gunship Micro,7.19,15,25,,,Storage,
75129,Wookie Gunship Micro,7.19,15,25,,,Storage,
75129,Wookie Gunship Micro,7.19,15,25,,,Storage,
75129,Wookie Gunship Micro,7,15,25,,,Storage,
75129,Wookie Gunship Micro,7.56,15,25,,,Storage,
75129,Wookie Gunship Micro,7.56,15,25,,,Store,24.99
75129,Wookie Gunship Micro,7.56,15,25,,,Store,24.99
75129,Wookie Gunship Micro,7.99,15,25,,,Store,24.99
75129,Wookie Gunship Micro,7.99,15,25,,,Store,24.99
75129,Wookie Gunship Micro,7.99,,,Sold,24.99,Sold,
75129,Wookie Gunship Micro,7.99,15,25,,,Store,24.99
75130,AT-DP Micro,8.99,15,30,,,Store,
75130,AT-DP Micro,8.99,15,30,,,Store,
75130,AT-DP Micro,9,15,30,,,Store,
75130,AT-DP Micro,8.99,15,30,,,Storage,
75130,AT-DP Micro,6.74,15,30,,,Storage,
75130,AT-DP Micro,6.74,15,30,,,Storage,
75130,AT-DP Micro,6.74,15,30,,,Storage,
75130,AT-DP Micro,6.74,15,30,,,Storage,
75130,AT-DP Micro,8.99,15,30,,,Storage,
75130,AT-DP Micro,7.19,15,30,,,Storage,
75130,AT-DP Micro,7.19,15,30,,,Storage,
75130,AT-DP Micro,8,15,30,,,Store,24.99
75130,AT-DP Micro,7.56,15,30,,,Store,24.99
75130,AT-DP Micro,7.56,15,30,,,Store,24.99
75130,AT-DP Micro,8.99,15,30,,,Store,24.99
75130,AT-DP Micro,7.99,15,30,,,Store,24.99
75131,Resistance Trooper Battle Pack,11.7,15,30,,,Store,
75131,Resistance Trooper Battle Pack,11.7,15,30,,,Storage,
75131,Resistance Trooper Battle Pack,11.69,15,30,,,Storage,
75131,Resistance Trooper Battle Pack,11.69,15,30,,,Storage,
75131,Resistance Trooper Battle Pack,8.99,15,30,,,Storage,
75131,Resistance Trooper Battle Pack,11.69,15,30,,,Storage,
75131,Resistance Trooper Battle Pack,10.25,15,30,,,Store,29.99
75131,Resistance Trooper Battle Pack,10.25,15,30,,,Store,29.99
75131,Resistance Trooper Battle Pack,10.39,15,30,,,Store,29.99
75131,Resistance Trooper Battle Pack,10.39,,,Sold,25.99,Sold,
75132,First Order Battle Pack,11.7,15,25,,,Store,
75132,First Order Battle Pack,11.7,15,25,,,Store,
75132,First Order Battle Pack,11.69,15,25,,,Storage,
75132,First Order Battle Pack,9.89,15,25,,,Storage,
75132,First Order Battle Pack,11.69,15,25,,,Storage,
75132,First Order Battle Pack,10.35,15,25,,,Store,24.99
75132,First Order Battle Pack,10.35,15,25,,,Store,24.99
75132,First Order Battle Pack,10.39,15,25,,,,
75132,First Order Battle Pack,7.44,15,25,,,,
75133,Rebel Alliance Battle Pack,11.69,20,40,Figures combined to about $45,,Store,
75133,Rebel Alliance Battle Pack,11.69,20,40,,,Store,
75133,Rebel Alliance Battle Pack,11.69,20,40,,,Storage,
75133,Rebel Alliance Battle Pack,11.69,20,40,,,Storage,
75133,Rebel Alliance Battle Pack,11.69,20,40,,,Store,39.99
75133,Rebel Alliance Battle Pack,10.12,20,40,,,Store,
75133,Rebel Alliance Battle Pack,10.12,20,40,,,Store,
75133,Rebel Alliance Battle Pack,10.12,20,40,,,Store,
75133,Rebel Alliance Battle Pack,10.39,20,40,,,Store,
75133,Rebel Alliance Battle Pack,5.18,20,40,,,,
75134,Galactic Empire Battle Pack,11.7,30,1 50,"popular figure, only in this set.",,FigCurraecsk combined about,$55
75134,Galactic Empire Battle Pack,11.7,30,50,,,Crack,
75134,Galactic Empire Battle Pack,11.69,30,50,,,Store,
75134,Galactic Empire Battle Pack,11.69,30,50,,,Storage,
75134,Galactic Empire Battle Pack,11.69,30,50,,,Storage,
75134,Galactic Empire Battle Pack,11.69,30,50,,,Storage,
75134,Galactic Empire Battle Pack,11.69,30,50,,,Storage,
75134,Galactic Empire Battle Pack,11.69,30,50,,,Storage,
75134,Galactic Empire Battle Pack,11.69,30,50,,,Storage,
75134,Galactic Empire Battle Pack,8.77,30,50,,,Storage,
75134,Galactic Empire Battle Pack,8.77,30,50,,,Storage,
75134,Galactic Empire Battle Pack,8.77,30,50,,,Storage,
75134,Galactic Empire Battle Pack,8.77,30,50,,,Storage,
75134,Galactic Empire Battle Pack,8.77,30,50,,,Storage,
75134,Galactic Empire Battle Pack,8.77,30,50,,,Store,49.99
75134,Galactic Empire Battle Pack,9.89,30,50,,,Store,49.99
75134,Galactic Empire Battle Pack,9.89,30,50,,,Store,49.99
75134,Galactic Empire Battle Pack,9.89,30,50,,,Store (Built w/ figs),
75134,Galactic Empire Battle Pack,10.12,,,Sold,45.99,Sold,
75134,Galactic Empire Battle Pack,5.18,30,50,,,,
75135,Obi Wan's Jedi Interceptor,22.49,80,150,,,Store,149.99
75135,Obi Wan's Jedi Interceptor,22.49,80,150,,,Store,149.99
75135,Obi Wan's Jedi Interceptor,24.49,80,150,,,Storage,
75135,Obi Wan's Jedi Interceptor,15.99,80,150,,,Store,149.99
75135,Obi Wan's Jedi Interceptor,16,80,150,,,Store,149.99
75135,Obi Wan's Jedi Interceptor,16,80,150,,,Store (Built w/o figs),
75135,Obi Wan's Jedi Interceptor,?,,,Sold,139.99,Sold,
75136,Droid Escape Pod,19.99,25,45,,,Storage,
75136,Droid Escape Pod,22.49,25,45,,,Storage,
75136,Droid Escape Pod,24.49,25,45,,,Storage,
75136,Droid Escape Pod,13,25,45,,,Store,44.99
75136,Droid Escape Pod,18.89,25,45,,,Home,
75136,Droid Escape Pod,18.89,,,Sold,44.99,Sold,
75137,Carbon Freezing Chamber,19.99,40,60,,,Storage,
75137,Carbon Freezing Chamber,22.49,40,60,,,Storage,
75137,Carbon Freezing Chamber,22.49,40,60,,,Store,59.99
75137,Carbon Freezing Chamber,22.49,40,60,,,Store,59.99
75137,Carbon Freezing Chamber,22.49,40,60,,,Store,59.99
75137,Carbon Freezing Chamber,16,40,60,,,Home,
75137,Carbon Freezing Chamber,16,40,60,,,Home,
75138,Hoth Attack,22.49,50,90,,,Store,79.99
75138,Hoth Attack,24.29,50,90,,,Store,
75138,Hoth Attack,16,50,90,,,Storage,
75138,Hoth Attack,15.99,50,90,,,Store,
75139,Battle on Takodana,53.99,40,60,,,Store,59.99
75139,Battle on Takodana,29.99,40,60,,,Store,
75139,Battle on Takodana,7.19,,,Sold,55.99,Sold,
75140,Resistance Troop Transport,56.54,60,90,,,Store,99.99
75141,Kanan's Speeder Bike,21.6,50,80,,,Store,
75141,Kanan's Speeder Bike,21.6,50,80,,,Storage,
75141,Kanan's Speeder Bike,19.99,50,80,,,Store,79.99
75142,Homing Spider Droid,26.99,70,150,,,Store,
75142,Homing Spider Droid,25.68,70,150,,,Store,124.99
75144,Snowspeeder UCS,99.99,,,Sold,399.99,Store,399.99
75145,Eclipse Fighter,26.99,30,50,,,Store,49.99
75145,Eclipse Fighter,23,30,50,,,Store,
75145,Eclipse Fighter,20,30,50,,,Storage,
75145,Eclipse Fighter,20,,,Sold,49.99,Sold,
75145,Eclipse Fighter,18.99,30,50,,,Store,49.99
75147,StarScavenger,31.77,50,80,,,Store,79.99
75147,StarScavenger,36,50,80,,,Store,79.99
75147,StarScavenger,37,50,80,,,,
75148,Encounter on Jakku,53.99,40,60,,,Store,
75148,Encounter on Jakku,42.8,40,60,,,Storage,
75149,Resistance X-Wing Fighter,68.99,80,120,,,Store,119.99
75149,Resistance X-Wing Fighter,49,80,120,,,Store,119.99
75149,Resistance X-Wing Fighter,71.99,80,120,,,Store,119.99
75150,Vader's TIE Advanced VS A-Wing Starfighter,80.99,150,200,,,Store,199.99
75150,Vader's TIE Advanced VS A-Wing Starfighter,61,,,Sold,150,Sold,
75151,Clone Turbo Tank,98.99,350,400,,,Store,
75151,Clone Turbo Tank,85.63,350,400,,,Store,399.99
75152,Imperial Assault Hovertank,26.99,75,120,,,Store,119.99
75153,AT-ST Walker,35.99,60,100,,,Store,99.99
75153,AT-ST Walker,19.99,60,100,,,Store,99.99
75154,TIE Striker,62.99,100,150,,,Store,
75154,TIE Striker,32.99,100,150,,,Store,
75154,TIE Striker,34,100,150,,,Store,149.99
75155,Rebel U-Wing Fighter,71.99,,,Sold,199.99,Sold,199.99
75155,Rebel U-Wing Fighter,56,150,220,,,Store,199.99
75155,Rebel U-Wing Fighter,56,,,Sold,199.99,Sold,
75156,Krennic's Imperial Shuttle,80.99,200,290,,,Store,264.99
75156,Krennic's Imperial Shuttle,30.39,200,290,,,Store,264.99
75157,Captain Rex's AT-TE,107.99,350,400,,,Home,
75157,Captain Rex's AT-TE,107.99,350,400,,,Store,
75157,Captain Rex's AT-TE,89,350,400,,,Store,399.99
75158,Rebel Combat Frigate,98.99,600,700,,,Store,699.99
75160,U-Wing Microfighter,6.63,15,20,,,Storage,
75160,U-Wing Microfighter,6.63,15,20,,,Storage,
75160,U-Wing Microfighter,8.99,15,20,,,Store,19.99
75160,U-Wing Microfighter,1,15,20,,,Home,
75161,TIE Striker Microfighter,6.63,15,20,,,Storage,
75161,TIE Striker Microfighter,7.36,15,20,,,Storage,
75161,TIE Striker Microfighter,1,15,20,,,Store,19.99
75161,TIE Striker Microfighter,5,15,20,,,,
75162,Y-Wing Microfighter,6.63,15,25,,,Storage,
75162,Y-Wing Microfighter,6.63,15,25,,,Storage,
75162,Y-Wing Microfighter,6.63,15,25,,,Store,24.99
75162,Y-Wing Microfighter,8.99,15,25,,,Store,24.99
75162,Y-Wing Microfighter,6.7,15,25,,,Store,24.99
75163,Krennic's Imperial Shuttle Microfighter,6.63,15,20,,,Store,19.99
75163,Krennic's Imperial Shuttle Microfighter,7.36,15,20,,,Store,19.99
75163,Krennic's Imperial Shuttle Microfighter,1,15,20,,,,
75164,Rebel Trooper Battle Pack,9.95,20,45,Figures combined around $40,,Store,39.99
75164,Rebel Trooper Battle Pack,9.95,20,45,,,Store,39.99
75164,Rebel Trooper Battle Pack,1.46,20,45,,,Store,39.99
75165,Imperial Trooper Battle Pack,9.95,40,55,,,Store,54.99
75165,Imperial Trooper Battle Pack,9.95,40,55,,,Store,54.99
75165,Imperial Trooper Battle Pack,12.49,40,55,,,Store,54.99
75166,First Order Transport Speeder Battle Pack,9,20,30,,,Store,29.99
75166,Fisrt Order Transport Speeder Battle Pack,9,20,30,,,Store,29.99
75167,Bounty Hunter Speeder Bike Battle Pack,9,,,Sold,40,Sold,49.99
75167,Bounty Hunter Speeder Bike Battle Pack,9,35,50,,,Store,49.99
75167,Bounty Hunter Speeder Bike Battle Pack,10.78,35,50,,,Store,49.99
75168,Yoda's Jedi Starfighter,16.57,30,60,,,Store,59.99
75169,Duel on Naboo,16.57,50,80,,,Store,
75169,Duel on Naboo,?,50,80,,,Store,79.99
75170,The Phantom,19.89,250,350,,,Store,
75170,The Phantom,19.89,250,350,,,Store,
75170,The Phantom,22.08,250,350,,,Store,349.99
75170,The Phantom,17.99,250,350,,,Storage,
75170,The Phantom,17.22,250,350,,,Storage,
75171,Battle on Scarif,33.15,100,150,,,Store,
75171,Battle on Scarif,28.99,100,150,,,,
75172,Y-Wing Starfighter,44.16,,,Sold,149.99,Sold,
75172,Y-Wing Starfighter,33.83,,,Sold,159.99,Sold,
75172,Y-Wing Starfighter,38.99,120,160,,,Storage,
75172,Y-Wing Starfighter,29.99,120,160,,,,
75173,Luke's Landspeeder,14.79,25,40,,,Store,39.99
75174,Desert Skiff Escape,21.49,65,95,Bob Fett is $65,,Store,89.99
75175,A-Wing Starfighter,28.51,100,120,,,Store,119.99
75175,A-Wing Starfighter,24.25,100,120,,,Store,119.99
75175,A-Wing Starfighter,25.99,100,120,,,Storage,
75176,Resistance Transport Pod,19.25,25,40,,,Store,39.99
75177,First Order Heavy Scout Walker,51.15,40,60,,,Store,59.99
75178,Jakku Quadjumper,24.99,65,80,,,Store,79.99
75179,Kylo Ren's TIE Fighter,51.3,120,200,,,Store,179.99
75180,Rathtar Escape,47.98,,,Layaway,0,Store,79.99
75182,Republic Fighter Tank,18.24,80,130,,,Store,124.99
75182,Republic Fighter Tank,17.49,80,130,Figures combined to $90,,Store,124.99
75183,Darth Vadar Transformation,14.98,60,85,,,Storage,
75183,Darth Vadar Transformation,7.49,60,85,,,Home,
75185,Tracker 1,49.99,,,Sold,119.99,Sold,119.99
75186,The Arrowhead,61,140,180,,,Home,174.99
75187,BB-8,64.1,130,190,,,Store,174.99
75188-3,Resistance Bomber,70.5,160,200,,,Store,199.99
75189,First Order Heavy Assault Walker,96.15,150,200,,,Store,199.99
75190,First Order Star Destroyer,102.55,200,280,,,Store,279.99
75191,Jedi Starfighter With Hyperdrive,78,,,Sold,450,Sold,
75192,Millennium Falcon UCS,789.99,,,Sold,799.99,Sold,799.99
75206,Jedi and Clone Troopers Battle Pack,?,,,,,Store (Built w/o figs),
75218,X-Wing Starfighter,32.5,100,150,,,Store,149.99
75240,Major Vonreg's TIE Fighter,54.95,80,120,,,,
75249,Resistance Y-Wing Starfighter,47.36,50,90,,,,
75258,Anakin's Pod Racer,24.99,40,60,,,Store,59.99
75263,Resistance Y-Wing Microfighter,4.99,10,20,,,Store,19.99
75263,Resistance Y-Wing Microfighter,4.99,10,20,,,Store,19.99
75263,Resistance Y-Wing Microfighter,6.29,10,20,,,Store,19.99
75263,Resistance Y-Wing Microfighter,6.29,10,20,,,,
75263,Resistance Y-Wing Microfighter,7.49,10,20,,,,
75264,Kylo Ren's Shuttle Microfighter,6.99,20,35,,,,
75266,Sith Trooper Battle Pack,12.99,15,25,,,,
75266,Sith Trooper Battle Pack,12.99,15,25,,,,
75266,Sith Trooper Battle Pack,12.99,15,25,,,,
75267,Mandalorian Battle Pack,12.95,15,30,,,,
75267,Mandalorian Battle Pack,12.99,15,30,,,,
75267,Mandalorian Battle Pack,12.99,15,30,,,,
75267,Mandalorian Battle Pack,12.99,15,30,,,,
75273,Poe Dameron's X-Wing Fighter,72.99,80,100,,,,
75273,Poe Dameron's X-Wing Fighter,72.99,80,100,,,,
75532,Scout Trooper & Speeder Bike,27.99,70,100,,,Store,99.99
